K,H,W,C,R,TK,TH,TW,BK,BH,BW,CMult,Time
64,54,54,32,3,2,1,2,32,1,9,1,0.07155
64,54,54,32,3,2,2,9,32,1,3,16,0.04947
64,54,54,32,3,2,1,3,32,3,2,16,0.12772499999999998
64,54,54,32,3,2,2,6,32,3,3,16,0.06099
64,54,54,32,3,2,1,9,32,6,3,4,0.06163
64,54,54,32,3,1,1,27,32,6,1,8,0.041485
64,54,54,32,3,1,1,1,32,6,1,8,0.25994
64,54,54,32,3,2,2,2,32,3,3,32,0.214145
64,54,54,32,3,2,6,9,32,3,1,16,0.130065
64,54,54,32,3,1,9,9,32,1,3,4,0.05408
64,54,54,32,3,2,1,6,32,3,1,4,0.05187
64,54,54,32,3,2,3,9,32,3,2,16,0.066125
64,54,54,32,3,1,1,18,32,6,1,1,0.048895
64,54,54,32,3,1,1,6,32,9,3,32,0.13187
64,54,54,32,3,1,1,27,32,2,1,16,0.04189
64,54,54,32,3,1,1,18,32,1,1,4,0.033485
64,54,54,32,3,1,1,2,32,3,9,16,0.221005
64,54,54,32,3,1,3,6,32,9,1,4,0.05488
64,54,54,32,3,1,2,6,32,3,1,32,0.123425
64,54,54,32,3,1,3,9,32,2,1,32,0.103475
64,54,54,32,3,2,2,9,32,1,3,32,0.07221
64,54,54,32,3,2,3,6,32,9,1,32,0.16566
64,54,54,32,3,2,2,2,32,3,3,1,0.09048
64,54,54,32,3,1,1,1,32,6,3,4,0.251935
64,54,54,32,3,2,3,9,32,2,1,2,0.056319999999999995
64,54,54,32,3,1,1,1,32,6,1,32,0.73469
64,54,54,32,3,1,3,3,32,2,1,32,0.19648
64,54,54,32,3,2,1,3,32,6,1,1,0.07464000000000001
64,54,54,32,3,1,1,9,32,3,3,8,0.048815
64,54,54,32,3,1,3,9,32,1,1,8,0.04493
64,54,54,32,3,1,3,3,32,3,2,16,0.089105
64,54,54,32,3,2,3,18,32,6,1,16,0.09114
64,54,54,32,3,2,1,3,32,9,2,2,0.081555
64,54,54,32,3,2,1,1,32,1,6,1,0.104115
64,54,54,32,3,1,3,9,32,6,2,32,0.10278
64,54,54,32,3,1,3,3,32,9,2,2,0.08659
64,54,54,32,3,1,2,3,32,3,9,1,0.072335
64,54,54,32,3,1,1,27,32,1,1,8,0.034195
64,54,54,32,3,2,3,3,32,6,2,32,0.172
64,54,54,32,3,2,1,2,32,6,3,16,0.266895
64,54,54,32,3,1,1,3,32,3,1,2,0.080435
64,54,54,32,3,2,1,3,32,2,1,2,0.07181
64,54,54,32,3,1,1,3,32,2,6,16,0.16016
64,54,54,32,3,2,1,9,32,2,3,1,0.05197
64,54,54,32,3,2,2,2,32,1,9,1,0.089325
64,54,54,32,3,1,1,1,32,1,2,4,0.1663
64,54,54,32,3,2,1,9,32,3,1,4,0.04096
64,54,54,32,3,2,3,9,32,1,1,1,0.09258
64,54,54,32,3,1,1,3,32,3,3,8,0.10016
64,54,54,32,3,1,1,2,32,6,3,1,0.11165
64,54,54,32,3,1,1,3,32,3,2,16,0.14164500000000002
64,54,54,32,3,1,2,9,32,1,2,4,0.032909999999999995
64,54,54,32,3,2,6,9,32,3,1,2,0.08664
64,54,54,32,3,2,1,1,32,6,3,16,0.49468999999999996
64,54,54,32,3,2,1,3,32,1,1,8,0.13272
64,54,54,32,3,2,2,9,32,3,1,4,0.04365
64,54,54,32,3,1,1,2,32,9,1,32,0.39373
64,54,54,32,3,1,1,9,32,9,1,2,0.05315
64,54,54,32,3,2,1,1,32,3,3,8,0.20323
64,54,54,32,3,2,2,9,32,3,3,32,0.07434
64,54,54,32,3,1,6,6,32,3,3,32,0.105745
64,54,54,32,3,2,3,3,32,2,1,8,0.08896
64,54,54,32,3,1,1,1,32,2,3,8,0.21261
64,54,54,32,3,1,1,3,32,3,1,4,0.086895
64,54,54,32,3,2,1,18,32,1,1,4,0.0327
64,54,54,32,3,2,6,9,32,1,1,8,0.06099
64,54,54,32,3,2,1,2,32,6,1,32,0.32843500000000003
64,54,54,32,3,1,1,9,32,3,1,1,0.05046
64,54,54,32,3,2,2,18,32,1,1,1,0.067215
64,54,54,32,3,1,1,9,32,2,1,1,0.05008
64,54,54,32,3,2,1,3,32,1,6,1,0.06653
64,54,54,32,3,2,2,2,32,3,9,2,0.072045
64,54,54,32,3,2,1,1,32,1,1,8,0.32752
64,54,54,32,3,2,6,6,32,1,1,1,0.1047
64,54,54,32,3,2,1,1,32,9,2,1,0.150515
64,54,54,32,3,2,3,9,32,9,1,2,0.0791
64,54,54,32,3,1,6,6,32,1,3,8,0.03875
64,54,54,32,3,2,2,2,32,1,9,4,0.078285
64,54,54,32,3,1,2,3,32,1,9,4,0.0532
64,54,54,32,3,1,1,9,32,3,2,2,0.045325000000000004
64,54,54,32,3,2,1,2,32,2,1,2,0.08184
64,54,54,32,3,1,6,9,32,1,2,32,0.09408
64,54,54,32,3,2,3,3,32,1,9,16,0.06566
64,54,54,32,3,2,1,3,32,3,2,8,0.085775
64,54,54,32,3,1,2,3,32,1,1,4,0.08360000000000001
64,54,54,32,3,1,1,9,32,6,3,32,0.13742500000000002
64,54,54,32,3,2,1,3,32,6,3,4,0.10053000000000001
64,54,54,32,3,2,3,9,32,9,1,4,0.053965
64,54,54,32,3,1,1,3,32,1,2,2,0.075025
64,54,54,32,3,2,2,3,32,3,2,16,0.10243
64,54,54,32,3,2,2,27,32,3,1,8,0.05434
64,54,54,32,3,2,2,27,32,3,1,32,0.09299
64,54,54,32,3,1,3,9,32,3,1,16,0.06774
64,54,54,32,3,1,1,1,32,2,3,2,0.132845
64,54,54,32,3,2,2,9,32,1,1,2,0.06118
64,54,54,32,3,2,1,6,32,3,1,1,0.05818
64,54,54,32,3,1,1,6,32,3,3,4,0.04966
64,54,54,32,3,2,1,2,32,6,1,4,0.095875
64,54,54,32,3,2,1,18,32,3,1,8,0.037934999999999997
64,54,54,32,3,1,1,3,32,3,3,16,0.146895
64,54,54,32,3,2,2,2,32,3,3,16,0.1337
64,54,54,32,3,1,3,18,32,6,1,4,0.06013
64,54,54,32,3,2,1,2,32,9,3,4,0.11251
64,54,54,32,3,2,2,3,32,9,2,16,0.13576
64,54,54,32,3,2,1,2,32,9,3,16,0.206895
64,54,54,32,3,1,6,9,32,1,2,8,0.04382
64,54,54,32,3,1,3,9,32,2,1,4,0.037485000000000004
64,54,54,32,3,2,1,3,32,6,2,4,0.075665
64,54,54,32,3,2,1,3,32,3,9,4,0.09392
64,54,54,32,3,1,3,27,32,2,1,8,0.054835
64,54,54,32,3,1,3,9,32,3,1,2,0.04589
64,54,54,32,3,1,1,9,32,3,3,1,0.06224
64,54,54,32,3,1,3,3,32,1,3,1,0.052654999999999993
64,54,54,32,3,1,1,1,32,3,3,32,0.6423
64,54,54,32,3,2,2,9,32,9,2,16,0.063585
64,54,54,32,3,2,1,3,32,1,3,1,0.061665
64,54,54,32,3,2,1,9,32,3,3,8,0.045395
64,54,54,32,3,2,2,2,32,1,9,2,0.0688
64,54,54,32,3,2,3,3,32,3,6,1,0.09747
64,54,54,32,3,1,1,9,32,6,1,2,0.048435
64,54,54,32,3,1,3,3,32,3,3,1,0.070095
64,54,54,32,3,2,1,3,32,3,2,32,0.201295
64,54,54,32,3,2,1,3,32,6,3,1,0.07299
64,54,54,32,3,1,3,3,32,9,3,8,0.066035
64,54,54,32,3,2,3,3,32,3,2,32,0.15691
64,54,54,32,3,2,6,6,32,9,1,4,0.087245
64,54,54,32,3,2,3,3,32,2,9,1,0.09558
64,54,54,32,3,1,2,3,32,1,9,16,0.08611
64,54,54,32,3,1,2,9,32,1,3,8,0.03229
64,54,54,32,3,1,3,3,32,2,1,8,0.085485
64,54,54,32,3,2,1,9,32,1,1,2,0.0415
64,54,54,32,3,2,1,2,32,2,1,8,0.12446
64,54,54,32,3,1,1,6,32,1,3,32,0.10187
64,54,54,32,3,1,1,6,32,2,1,32,0.127185
64,54,54,32,3,1,1,27,32,3,1,8,0.03434
64,54,54,32,3,1,3,18,32,1,1,8,0.042605000000000004
64,54,54,32,3,1,1,1,32,9,1,32,0.791885
64,54,54,32,3,2,1,3,32,1,9,32,0.196255
64,54,54,32,3,2,2,3,32,3,9,32,0.15475
64,54,54,32,3,1,1,1,32,1,3,4,0.15214499999999997
64,54,54,32,3,1,1,6,32,9,3,16,0.09699
64,54,54,32,3,1,2,27,32,1,1,1,0.05309
64,54,54,32,3,1,2,3,32,3,3,8,0.069555
64,54,54,32,3,2,3,9,32,3,1,32,0.10902
64,54,54,32,3,1,1,1,32,6,1,1,0.15204499999999999
64,54,54,32,3,2,1,6,32,3,3,32,0.13638
64,54,54,32,3,1,3,9,32,3,1,1,0.056785
64,54,54,32,3,2,6,6,32,1,1,32,0.19376
64,54,54,32,3,2,1,9,32,6,1,8,0.047564999999999996
64,54,54,32,3,1,9,9,32,3,1,8,0.107155
64,54,54,32,3,1,3,3,32,3,2,1,0.062145000000000006
64,54,54,32,3,1,6,9,32,1,3,4,0.04422
64,54,54,32,3,1,1,3,32,6,1,8,0.111215
64,54,54,32,3,2,1,1,32,2,1,16,0.36528
64,54,54,32,3,2,3,3,32,2,6,16,0.075215
64,54,54,32,3,2,3,9,32,2,3,32,0.07062
64,54,54,32,3,2,2,9,32,1,1,1,0.0993
64,54,54,32,3,1,1,1,32,3,6,8,0.346175
64,54,54,32,3,1,3,3,32,1,1,4,0.07904
64,54,54,32,3,1,3,3,32,9,3,1,0.09736
64,54,54,32,3,2,2,9,32,3,3,2,0.060435
64,54,54,32,3,1,3,9,32,1,3,1,0.04742
64,54,54,32,3,2,1,3,32,2,2,32,0.185055
64,54,54,32,3,1,1,3,32,3,9,1,0.1196
64,54,54,32,3,2,6,9,32,1,2,8,0.044115
64,54,54,32,3,1,2,9,32,9,1,32,0.11462
64,54,54,32,3,1,1,27,32,1,1,32,0.06752
64,54,54,32,3,1,3,3,32,6,2,1,0.066335
64,54,54,32,3,1,1,3,32,6,1,2,0.079725
64,54,54,32,3,2,3,9,32,1,2,2,0.05338
64,54,54,32,3,1,2,2,32,9,3,2,0.06752
64,54,54,32,3,2,3,3,32,1,9,4,0.04936
64,54,54,32,3,2,3,9,32,3,2,8,0.05448
64,54,54,32,3,2,1,2,32,6,1,8,0.1289
64,54,54,32,3,1,2,3,32,3,3,2,0.05928
64,54,54,32,3,2,1,1,32,1,9,32,0.5264800000000001
64,54,54,32,3,1,1,2,32,1,9,16,0.18717
64,54,54,32,3,2,6,9,32,1,3,2,0.06414500000000001
64,54,54,32,3,2,1,1,32,2,9,2,0.15069
64,54,54,32,3,2,1,3,32,3,3,8,0.08829
64,54,54,32,3,2,1,9,32,3,2,8,0.04296
64,54,54,32,3,1,2,9,32,9,2,8,0.0544
64,54,54,32,3,1,1,6,32,3,3,8,0.058065
64,54,54,32,3,2,2,9,32,1,1,16,0.069425
64,54,54,32,3,2,1,3,32,1,9,8,0.08528
64,54,54,32,3,1,2,2,32,3,3,32,0.18064
64,54,54,32,3,2,1,3,32,3,9,1,0.09203
64,54,54,32,3,2,3,3,32,9,2,4,0.089615
64,54,54,32,3,2,3,3,32,3,1,32,0.223245
64,54,54,32,3,2,1,1,32,3,1,8,0.22579
64,54,54,32,3,1,2,18,32,3,1,32,0.07538
64,54,54,32,3,2,2,3,32,1,3,4,0.056830000000000006
64,54,54,32,3,1,3,9,32,6,1,32,0.12712
64,54,54,32,3,1,3,3,32,3,3,2,0.0544
64,54,54,32,3,1,3,18,32,2,1,16,0.05782
64,54,54,32,3,2,1,2,32,1,9,16,0.172625
64,54,54,32,3,2,1,2,32,9,3,8,0.140115
64,54,54,32,3,2,1,3,32,2,9,16,0.18218
64,54,54,32,3,2,1,2,32,3,9,2,0.09008
64,54,54,32,3,1,1,27,32,1,1,16,0.04178
64,54,54,32,3,1,2,2,32,9,1,32,0.30707
64,54,54,32,3,2,1,1,32,6,3,8,0.30144000000000004
64,54,54,32,3,2,2,6,32,3,3,4,0.0423
64,54,54,32,3,1,6,9,32,1,2,4,0.033424999999999996
64,54,54,32,3,2,1,9,32,9,1,4,0.04707
64,54,54,32,3,1,1,9,32,9,1,4,0.05069
64,54,54,32,3,1,6,9,32,3,2,32,0.12611
64,54,54,32,3,1,1,9,32,9,1,16,0.07168
64,54,54,32,3,2,3,9,32,2,3,2,0.052
64,54,54,32,3,2,3,9,32,1,1,8,0.047585
64,54,54,32,3,1,3,3,32,9,3,2,0.05821
64,54,54,32,3,2,1,3,32,9,1,1,0.075505
64,54,54,32,3,2,3,3,32,1,1,32,0.29306
64,54,54,32,3,2,1,1,32,9,3,8,0.24006
64,54,54,32,3,1,1,3,32,9,3,4,0.101805
64,54,54,32,3,1,6,9,32,3,2,4,0.062175
64,54,54,32,3,2,2,9,32,1,1,4,0.043855
64,54,54,32,3,1,1,2,32,2,9,1,0.110605
64,54,54,32,3,1,1,2,32,6,3,2,0.10918
64,54,54,32,3,1,3,6,32,6,1,16,0.071245
64,54,54,32,3,1,1,3,32,6,2,8,0.113455
64,54,54,32,3,1,1,27,32,9,1,32,0.09504
64,54,54,32,3,2,1,3,32,6,1,32,0.233165
64,54,54,32,3,1,3,27,32,3,1,1,0.07416
64,54,54,32,3,2,3,6,32,1,3,32,0.08309
64,54,54,32,3,2,3,3,32,6,1,2,0.06682
64,54,54,32,3,1,2,3,32,3,6,16,0.1232
64,54,54,32,3,2,1,9,32,1,2,8,0.042145
64,54,54,32,3,1,1,3,32,1,9,2,0.074415
64,54,54,32,3,2,1,3,32,2,9,4,0.099635
64,54,54,32,3,2,1,3,32,2,1,16,0.143505
64,54,54,32,3,1,2,3,32,1,6,4,0.04957
64,54,54,32,3,2,3,9,32,9,1,8,0.07414
64,54,54,32,3,1,2,3,32,9,1,32,0.215565
64,54,54,32,3,1,9,9,32,2,1,16,0.15378
64,54,54,32,3,2,3,9,32,1,3,4,0.03891
64,54,54,32,3,2,1,3,32,2,2,8,0.081375
64,54,54,32,3,2,3,6,32,1,1,8,0.07192000000000001
64,54,54,32,3,1,2,6,32,9,1,4,0.053585
64,54,54,32,3,2,1,18,32,2,1,2,0.03885
64,54,54,32,3,1,3,3,32,1,9,1,0.06016
64,54,54,32,3,2,3,3,32,3,3,1,0.07907
64,54,54,32,3,2,2,3,32,9,1,1,0.08755
64,54,54,32,3,2,2,2,32,3,3,8,0.09581
64,54,54,32,3,2,1,2,32,3,9,16,0.20093
64,54,54,32,3,2,1,3,32,1,2,16,0.11994
64,54,54,32,3,2,3,3,32,1,2,1,0.067795
64,54,54,32,3,1,6,6,32,9,1,32,0.21328
64,54,54,32,3,2,2,9,32,1,3,8,0.04542499999999999
64,54,54,32,3,1,3,6,32,3,3,8,0.04259
64,54,54,32,3,2,1,27,32,1,1,1,0.0608
64,54,54,32,3,1,1,3,32,9,2,2,0.104975
64,54,54,32,3,1,1,1,32,6,2,32,0.75434
64,54,54,32,3,2,6,9,32,1,1,16,0.09595000000000001
64,54,54,32,3,1,2,3,32,9,3,16,0.10784
64,54,54,32,3,1,2,9,32,3,2,16,0.04496
64,54,54,32,3,2,1,1,32,1,1,2,0.180045
64,54,54,32,3,2,1,3,32,2,3,16,0.11832000000000001
64,54,54,32,3,2,1,2,32,9,3,32,0.312595
64,54,54,32,3,1,3,6,32,2,1,2,0.037405
64,54,54,32,3,1,3,6,32,9,1,8,0.062380000000000005
64,54,54,32,3,1,1,1,32,3,2,4,0.16266
64,54,54,32,3,2,2,2,32,9,3,8,0.11302499999999999
64,54,54,32,3,2,1,1,32,3,2,16,0.3281
64,54,54,32,3,2,1,9,32,3,1,8,0.04762
64,54,54,32,3,2,2,6,32,1,3,2,0.0432
64,54,54,32,3,1,1,9,32,1,2,4,0.042355000000000004
64,54,54,32,3,1,2,3,32,9,1,4,0.08061
64,54,54,32,3,2,6,6,32,3,1,32,0.1921
64,54,54,32,3,2,3,9,32,1,3,2,0.04858
64,54,54,32,3,2,1,6,32,2,1,4,0.053505
64,54,54,32,3,1,1,3,32,9,1,8,0.11992
64,54,54,32,3,2,1,1,32,1,9,16,0.31245
64,54,54,32,3,1,1,6,32,1,1,8,0.08522
64,54,54,32,3,2,1,2,32,1,3,8,0.10441500000000001
64,54,54,32,3,2,3,3,32,3,1,1,0.07536
64,54,54,32,3,1,1,2,32,9,3,8,0.14944
64,54,54,32,3,2,2,6,32,1,3,8,0.041295
64,54,54,32,3,1,3,18,32,3,1,2,0.0504
64,54,54,32,3,1,2,9,32,3,3,2,0.04768
64,54,54,32,3,1,1,27,32,6,1,4,0.042305
64,54,54,32,3,2,1,27,32,6,1,4,0.044925
64,54,54,32,3,2,1,9,32,9,1,1,0.07069
64,54,54,32,3,1,2,3,32,1,1,32,0.27542500000000003
64,54,54,32,3,2,1,6,32,6,1,32,0.15792
64,54,54,32,3,2,3,3,32,3,3,4,0.055085
64,54,54,32,3,1,9,9,32,1,1,16,0.12726500000000002
64,54,54,32,3,1,3,3,32,9,1,16,0.12647999999999998
64,54,54,32,3,1,2,3,32,1,2,2,0.063345
64,54,54,32,3,1,1,2,32,2,1,32,0.35533000000000003
64,54,54,32,3,2,1,18,32,9,1,32,0.11392
64,54,54,32,3,2,3,9,32,6,1,8,0.06666
64,54,54,32,3,2,3,9,32,9,1,16,0.090445
64,54,54,32,3,2,2,3,32,9,3,32,0.16628500000000002
64,54,54,32,3,1,2,3,32,1,3,1,0.05376
64,54,54,32,3,1,1,1,32,1,9,1,0.13802
64,54,54,32,3,1,1,18,32,3,1,8,0.031585
64,54,54,32,3,2,2,2,32,9,1,8,0.140015
64,54,54,32,3,2,3,6,32,2,3,4,0.04032
64,54,54,32,3,1,6,6,32,1,3,16,0.04992
64,54,54,32,3,2,3,18,32,3,1,32,0.12022
64,54,54,32,3,1,1,1,32,2,3,4,0.155505
64,54,54,32,3,1,2,2,32,1,1,8,0.14842
64,54,54,32,3,1,2,18,32,1,1,4,0.030545000000000003
64,54,54,32,3,1,1,3,32,9,3,32,0.24627
64,54,54,32,3,1,2,27,32,3,1,4,0.04486
64,54,54,32,3,2,3,6,32,2,1,2,0.05654
64,54,54,32,3,2,3,3,32,9,2,32,0.21341
64,54,54,32,3,1,1,9,32,2,2,32,0.0848
64,54,54,32,3,1,1,18,32,6,1,16,0.041695
64,54,54,32,3,2,1,9,32,6,2,4,0.03944
64,54,54,32,3,2,2,9,32,1,3,1,0.100435
64,54,54,32,3,1,1,3,32,2,6,1,0.086255
64,54,54,32,3,1,2,2,32,9,1,8,0.12253
64,54,54,32,3,1,2,9,32,9,1,2,0.055665
64,54,54,32,3,2,2,18,32,3,1,2,0.045745
64,54,54,32,3,1,3,27,32,2,1,2,0.04208
64,54,54,32,3,1,2,3,32,3,9,32,0.134195
64,54,54,32,3,2,2,9,32,3,2,16,0.052765
64,54,54,32,3,2,1,3,32,6,2,8,0.098355
64,54,54,32,3,2,3,9,32,6,2,32,0.10342
64,54,54,32,3,2,1,2,32,6,1,2,0.08477
64,54,54,32,3,2,1,18,32,3,1,4,0.034159999999999996
64,54,54,32,3,2,3,3,32,9,1,2,0.08429
64,54,54,32,3,1,2,18,32,3,1,8,0.03754
64,54,54,32,3,1,2,9,32,3,3,32,0.078545
64,54,54,32,3,2,2,2,32,3,9,32,0.20992
64,54,54,32,3,1,2,2,32,3,3,4,0.06547
64,54,54,32,3,1,1,3,32,1,2,4,0.07856
64,54,54,32,3,2,1,9,32,1,3,32,0.0816
64,54,54,32,3,1,3,9,32,9,1,1,0.079955
64,54,54,32,3,1,1,1,32,3,6,1,0.17651
64,54,54,32,3,1,1,9,32,9,3,4,0.05603
64,54,54,32,3,2,1,9,32,1,1,32,0.12925
64,54,54,32,3,1,1,3,32,6,1,4,0.088145
64,54,54,32,3,2,1,18,32,1,1,2,0.03963
64,54,54,32,3,2,1,27,32,3,1,32,0.065555
64,54,54,32,3,2,1,2,32,2,9,32,0.39334
64,54,54,32,3,1,1,1,32,2,2,16,0.331505
64,54,54,32,3,1,1,9,32,6,1,16,0.06601499999999999
64,54,54,32,3,1,1,2,32,2,9,16,0.2855
64,54,54,32,3,1,3,3,32,3,9,2,0.0511
64,54,54,32,3,1,1,1,32,2,1,1,0.152335
64,54,54,32,3,1,6,9,32,1,3,32,0.09408
64,54,54,32,3,1,6,9,32,1,1,1,0.06979
64,54,54,32,3,1,2,9,32,1,3,16,0.04152
64,54,54,32,3,1,1,9,32,6,1,1,0.053585
64,54,54,32,3,1,3,3,32,1,2,8,0.06952
64,54,54,32,3,2,1,1,32,3,6,1,0.15064
64,54,54,32,3,2,1,9,32,2,2,4,0.03571
64,54,54,32,3,1,3,3,32,2,9,2,0.06864
64,54,54,32,3,2,1,1,32,2,2,8,0.183695
64,54,54,32,3,1,3,9,32,6,1,4,0.0516
64,54,54,32,3,1,3,6,32,1,1,32,0.143345
64,54,54,32,3,2,2,3,32,3,1,4,0.074545
64,54,54,32,3,2,1,9,32,9,1,16,0.06662
64,54,54,32,3,1,1,1,32,1,9,2,0.139635
64,54,54,32,3,2,1,3,32,2,6,4,0.07354
64,54,54,32,3,2,1,9,32,9,1,2,0.054830000000000004
64,54,54,32,3,2,2,3,32,9,1,32,0.25219
64,54,54,32,3,1,3,3,32,1,3,2,0.047455
64,54,54,32,3,1,1,1,32,3,9,16,0.42576
64,54,54,32,3,2,2,27,32,1,1,8,0.03728
64,54,54,32,3,2,3,3,32,3,2,2,0.05856
64,54,54,32,3,1,1,18,32,3,1,16,0.040495
64,54,54,32,3,2,3,6,32,1,1,4,0.051885
64,54,54,32,3,2,3,3,32,3,1,2,0.063985
64,54,54,32,3,2,6,6,32,1,3,2,0.05366
64,54,54,32,3,2,6,9,32,1,3,1,0.109425
64,54,54,32,3,1,1,6,32,1,3,2,0.04344
64,54,54,32,3,2,2,18,32,9,1,16,0.07789
64,54,54,32,3,1,1,9,32,2,1,4,0.045905
64,54,54,32,3,1,1,6,32,9,1,32,0.1377
64,54,54,32,3,1,1,3,32,1,2,1,0.07827
64,54,54,32,3,2,1,3,32,6,2,16,0.15235
64,54,54,32,3,2,1,6,32,1,3,8,0.051185
64,54,54,32,3,1,3,9,32,9,1,8,0.06429
64,54,54,32,3,1,1,3,32,3,9,4,0.10022500000000001
64,54,54,32,3,2,1,3,32,3,1,1,0.06624
64,54,54,32,3,2,2,18,32,3,1,1,0.073075
64,54,54,32,3,1,3,9,32,3,2,16,0.06355
64,54,54,32,3,1,1,3,32,9,1,1,0.099345
64,54,54,32,3,2,1,9,32,1,2,16,0.054465
64,54,54,32,3,2,1,2,32,9,1,32,0.35158
64,54,54,32,3,1,1,18,32,2,1,2,0.03213
64,54,54,32,3,1,1,2,32,9,1,2,0.09987499999999999
64,54,54,32,3,2,1,1,32,3,3,32,0.57098
64,54,54,32,3,1,3,18,32,1,1,4,0.03398
64,54,54,32,3,2,3,18,32,3,1,16,0.08022
64,54,54,32,3,2,2,2,32,1,3,32,0.19584
64,54,54,32,3,2,3,3,32,2,3,16,0.0753
64,54,54,32,3,1,1,9,32,9,1,32,0.110705
64,54,54,32,3,2,1,3,32,3,6,8,0.12378
64,54,54,32,3,1,1,2,32,9,1,16,0.244525
64,54,54,32,3,2,1,3,32,9,2,32,0.30611
64,54,54,32,3,1,1,9,32,6,1,4,0.04666
64,54,54,32,3,1,3,3,32,9,2,32,0.212845
64,54,54,32,3,1,1,3,32,9,2,8,0.14464
64,54,54,32,3,2,3,3,32,6,3,32,0.15504
64,54,54,32,3,1,1,1,32,3,1,1,0.15123
64,54,54,32,3,2,3,3,32,6,1,4,0.070285
64,54,54,32,3,1,1,1,32,2,6,32,0.6905
64,54,54,32,3,2,1,3,32,9,1,4,0.08371
64,54,54,32,3,2,1,1,32,2,1,1,0.12287999999999999
64,54,54,32,3,1,1,6,32,6,1,1,0.05624
64,54,54,32,3,1,3,6,32,2,1,4,0.03787
64,54,54,32,3,1,1,1,32,6,1,16,0.41816
64,54,54,32,3,1,1,2,32,3,9,32,0.336145
64,54,54,32,3,1,3,27,32,2,1,16,0.073025
64,54,54,32,3,1,2,2,32,3,9,2,0.06557
64,54,54,32,3,2,1,9,32,2,1,16,0.064115
64,54,54,32,3,1,1,6,32,1,1,4,0.06741
64,54,54,32,3,1,2,6,32,1,1,32,0.16664
64,54,54,32,3,1,1,18,32,9,1,2,0.045185
64,54,54,32,3,1,1,18,32,9,1,8,0.041264999999999996
64,54,54,32,3,1,3,6,32,6,3,2,0.046765
64,54,54,32,3,1,3,3,32,3,9,4,0.05765
64,54,54,32,3,1,1,2,32,6,3,16,0.29158
64,54,54,32,3,1,1,1,32,1,1,4,0.27841499999999997
64,54,54,32,3,2,1,9,32,1,1,8,0.054865
64,54,54,32,3,1,1,6,32,6,3,1,0.053040000000000004
64,54,54,32,3,2,1,9,32,6,1,32,0.1008
64,54,54,32,3,1,3,9,32,2,2,16,0.05098
64,54,54,32,3,2,1,6,32,1,3,32,0.12179
64,54,54,32,3,2,1,3,32,2,6,32,0.2249
64,54,54,32,3,2,1,2,32,3,9,32,0.30083
64,54,54,32,3,1,6,9,32,3,2,8,0.064815
64,54,54,32,3,2,1,6,32,9,3,8,0.076515
64,54,54,32,3,1,1,2,32,6,1,32,0.37034
64,54,54,32,3,2,1,9,32,3,2,1,0.05258
64,54,54,32,3,1,1,2,32,2,3,16,0.17699
64,54,54,32,3,2,1,3,32,9,2,8,0.12842
64,54,54,32,3,1,2,6,32,9,3,32,0.0961
64,54,54,32,3,1,2,2,32,1,3,2,0.05882
64,54,54,32,3,1,1,2,32,6,3,32,0.45488
64,54,54,32,3,1,6,6,32,1,3,4,0.03448
64,54,54,32,3,2,3,6,32,3,3,2,0.06003
64,54,54,32,3,2,3,6,32,6,3,1,0.14625500000000002
64,54,54,32,3,2,1,3,32,1,6,8,0.079725
64,54,54,32,3,1,1,3,32,2,6,32,0.230605
64,54,54,32,3,1,2,9,32,9,2,1,0.09034
64,54,54,32,3,1,3,6,32,9,1,2,0.0535
64,54,54,32,3,1,3,6,32,1,3,8,0.03176
64,54,54,32,3,1,1,6,32,9,1,2,0.05939
64,54,54,32,3,1,1,1,32,6,1,2,0.1581
64,54,54,32,3,2,1,2,32,1,1,8,0.18013
64,54,54,32,3,1,3,18,32,1,1,1,0.0612
64,54,54,32,3,1,9,9,32,1,1,4,0.061645
64,54,54,32,3,1,2,6,32,9,3,1,0.08262
64,54,54,32,3,1,1,6,32,3,1,4,0.05275
64,54,54,32,3,1,1,3,32,3,9,16,0.17035
64,54,54,32,3,1,2,3,32,9,1,1,0.074895
64,54,54,32,3,1,2,3,32,1,2,8,0.079295
64,54,54,32,3,2,1,1,32,9,3,2,0.154995
64,54,54,32,3,2,3,3,32,9,2,2,0.0732
64,54,54,32,3,1,2,9,32,1,3,1,0.04342
64,54,54,32,3,2,1,3,32,1,3,4,0.065235
64,54,54,32,3,1,1,1,32,2,9,16,0.54736
64,54,54,32,3,2,2,18,32,1,1,4,0.04067
64,54,54,32,3,2,3,3,32,2,1,1,0.07165
64,54,54,32,3,1,3,9,32,1,1,4,0.03862
64,54,54,32,3,1,1,9,32,6,3,4,0.062415
64,54,54,32,3,2,1,2,32,2,3,1,0.06851
64,54,54,32,3,2,1,1,32,2,1,8,0.21987
64,54,54,32,3,2,1,3,32,9,3,16,0.15341
64,54,54,32,3,2,6,6,32,9,1,2,0.122445
64,54,54,32,3,1,1,1,32,2,1,2,0.16045
64,54,54,32,3,2,3,3,32,3,6,32,0.14426
64,54,54,32,3,1,1,3,32,9,3,2,0.10118
64,54,54,32,3,1,3,3,32,9,3,32,0.14072
64,54,54,32,3,1,1,3,32,2,6,4,0.08486
64,54,54,32,3,2,1,3,32,6,3,32,0.29504
64,54,54,32,3,2,1,27,32,9,1,32,0.08752
64,54,54,32,3,2,6,9,32,3,1,4,0.0776
64,54,54,32,3,1,1,2,32,3,3,2,0.0832
64,54,54,32,3,1,2,3,32,3,2,1,0.06739500000000001
64,54,54,32,3,1,2,6,32,3,3,32,0.085135
64,54,54,32,3,2,3,3,32,3,2,1,0.07661000000000001
64,54,54,32,3,2,2,3,32,1,3,2,0.056915
64,54,54,32,3,2,2,18,32,3,1,32,0.077875
64,54,54,32,3,1,1,9,32,1,3,32,0.08560000000000001
64,54,54,32,3,1,2,6,32,9,3,16,0.06579
64,54,54,32,3,2,1,1,32,3,6,4,0.19809500000000002
64,54,54,32,3,1,1,2,32,1,1,1,0.115475
64,54,54,32,3,2,2,3,32,3,3,4,0.06435
64,54,54,32,3,1,1,9,32,1,1,4,0.053235000000000005
64,54,54,32,3,1,1,2,32,3,9,4,0.113585
64,54,54,32,3,2,3,9,32,6,1,1,0.10120000000000001
64,54,54,32,3,1,1,1,32,1,3,16,0.328785
64,54,54,32,3,2,2,9,32,9,1,2,0.06899
64,54,54,32,3,2,2,3,32,1,3,16,0.08954
64,54,54,32,3,2,2,2,32,3,1,2,0.08256
64,54,54,32,3,2,3,3,32,3,2,4,0.059135
64,54,54,32,3,2,2,2,32,3,1,16,0.19915500000000003
64,54,54,32,3,1,3,9,32,6,1,2,0.05019
64,54,54,32,3,1,2,9,32,9,2,4,0.05686
64,54,54,32,3,1,1,6,32,6,3,4,0.0679
64,54,54,32,3,2,1,3,32,9,2,1,0.0729
64,54,54,32,3,1,2,3,32,1,9,1,0.05424
64,54,54,32,3,1,1,27,32,9,1,16,0.064
64,54,54,32,3,1,1,1,32,1,3,2,0.13181
64,54,54,32,3,1,2,6,32,1,1,8,0.06304
64,54,54,32,3,2,1,1,32,6,3,1,0.15299
64,54,54,32,3,1,1,1,32,9,3,32,0.73264
64,54,54,32,3,1,3,3,32,1,9,2,0.047905
64,54,54,32,3,2,2,9,32,9,2,4,0.04813
64,54,54,32,3,1,3,3,32,9,1,2,0.06947
64,54,54,32,3,1,1,1,32,9,1,2,0.17163
64,54,54,32,3,1,1,18,32,6,1,4,0.03194
64,54,54,32,3,1,1,3,32,2,9,1,0.094865
64,54,54,32,3,1,2,3,32,9,2,32,0.197905
64,54,54,32,3,2,1,1,32,9,1,32,0.70792
64,54,54,32,3,2,3,9,32,3,1,16,0.06496
64,54,54,32,3,2,3,3,32,3,1,4,0.066225
64,54,54,32,3,2,6,9,32,1,1,1,0.12864
64,54,54,32,3,1,3,3,32,2,3,4,0.050095
64,54,54,32,3,2,2,9,32,3,3,4,0.0428
64,54,54,32,3,1,1,1,32,9,3,2,0.17811
64,54,54,32,3,1,1,1,32,1,1,8,0.37942
64,54,54,32,3,1,3,3,32,9,2,4,0.08263999999999999
64,54,54,32,3,1,3,3,32,2,3,32,0.109485
64,54,54,32,3,2,2,3,32,1,6,16,0.0815
64,54,54,32,3,1,1,1,32,6,3,32,0.95192
64,54,54,32,3,2,3,9,32,2,2,1,0.08859500000000001
64,54,54,32,3,2,1,1,32,3,9,32,0.612995
64,54,54,32,3,2,3,6,32,3,3,32,0.0944
64,54,54,32,3,2,1,2,32,3,3,16,0.18248
64,54,54,32,3,2,3,9,32,3,3,16,0.05462
64,54,54,32,3,2,1,2,32,2,9,16,0.26141000000000003
64,54,54,32,3,1,3,27,32,3,1,8,0.05702
64,54,54,32,3,2,1,9,32,6,3,32,0.122835
64,54,54,32,3,1,1,3,32,6,3,32,0.308815
64,54,54,32,3,1,3,6,32,1,1,2,0.040845
64,54,54,32,3,1,1,1,32,2,9,2,0.1983
64,54,54,32,3,1,2,3,32,9,1,16,0.15229
64,54,54,32,3,1,1,9,32,3,2,32,0.09128
64,54,54,32,3,2,1,18,32,9,1,2,0.053295
64,54,54,32,3,2,2,27,32,1,1,16,0.05046
64,54,54,32,3,1,2,6,32,1,3,32,0.08157
64,54,54,32,3,2,2,6,32,3,1,16,0.083885
64,54,54,32,3,2,2,9,32,9,1,4,0.05266
64,54,54,32,3,1,9,9,32,1,1,2,0.06698
64,54,54,32,3,1,1,3,32,3,2,32,0.20676499999999998
64,54,54,32,3,1,1,1,32,1,2,2,0.146445
64,54,54,32,3,1,1,2,32,3,1,32,0.36451
64,54,54,32,3,1,1,2,32,9,3,1,0.0952
64,54,54,32,3,2,3,3,32,1,9,1,0.06984
64,54,54,32,3,1,1,1,32,3,1,8,0.253935
64,54,54,32,3,1,3,27,32,2,1,32,0.114255
64,54,54,32,3,2,1,1,32,6,1,2,0.12998500000000002
64,54,54,32,3,2,3,3,32,3,3,16,0.07832
64,54,54,32,3,2,1,2,32,3,3,1,0.07400000000000001
64,54,54,32,3,2,1,18,32,3,1,2,0.035535
64,54,54,32,3,1,1,3,32,6,3,2,0.10338
64,54,54,32,3,2,3,9,32,1,1,32,0.11064
64,54,54,32,3,2,3,3,32,2,6,32,0.11414
64,54,54,32,3,1,3,3,32,2,2,32,0.13638499999999998
64,54,54,32,3,1,2,3,32,1,3,8,0.06744
64,54,54,32,3,2,2,9,32,9,2,32,0.084525
64,54,54,32,3,2,1,3,32,2,3,1,0.06726
64,54,54,32,3,1,3,3,32,1,3,16,0.06923
64,54,54,32,3,2,6,9,32,1,2,4,0.0513
64,54,54,32,3,2,1,3,32,1,1,1,0.068
64,54,54,32,3,1,1,2,32,3,3,4,0.09576000000000001
64,54,54,32,3,1,1,1,32,2,2,1,0.12728
64,54,54,32,3,1,2,6,32,3,1,4,0.041715
64,54,54,32,3,1,6,9,32,3,2,2,0.05226
64,54,54,32,3,2,2,3,32,1,1,1,0.07795
64,54,54,32,3,1,1,1,32,2,9,4,0.24675
64,54,54,32,3,1,2,2,32,9,3,16,0.139725
64,54,54,32,3,1,1,3,32,2,6,2,0.077215
64,54,54,32,3,2,2,3,32,3,1,8,0.09564500000000001
64,54,54,32,3,1,6,6,32,9,1,2,0.06682
64,54,54,32,3,1,1,9,32,6,3,16,0.08733
64,54,54,32,3,1,1,3,32,2,2,4,0.07325
64,54,54,32,3,1,3,27,32,1,1,4,0.04035
64,54,54,32,3,2,1,6,32,6,1,2,0.051695
64,54,54,32,3,1,1,9,32,3,2,1,0.04808
64,54,54,32,3,1,3,9,32,2,2,32,0.078655
64,54,54,32,3,1,2,6,32,9,1,2,0.04872
64,54,54,32,3,1,3,27,32,3,1,4,0.05354
64,54,54,32,3,2,2,6,32,3,1,2,0.05386
64,54,54,32,3,2,1,3,32,2,9,1,0.07296
64,54,54,32,3,2,1,3,32,3,1,8,0.09613
64,54,54,32,3,2,1,27,32,6,1,32,0.07125000000000001
64,54,54,32,3,1,9,9,32,1,3,8,0.057805
64,54,54,32,3,1,2,2,32,1,9,8,0.07719999999999999
64,54,54,32,3,1,9,9,32,3,1,16,0.181745
64,54,54,32,3,1,1,2,32,1,3,2,0.0748
64,54,54,32,3,2,6,9,32,3,2,2,0.0929
64,54,54,32,3,1,3,9,32,1,3,2,0.038595000000000004
64,54,54,32,3,1,1,9,32,9,1,1,0.06662
64,54,54,32,3,1,3,3,32,3,2,32,0.14416
64,54,54,32,3,2,1,27,32,3,1,2,0.04982
64,54,54,32,3,2,6,6,32,1,1,2,0.074995
64,54,54,32,3,2,3,6,32,6,1,1,0.094765
64,54,54,32,3,2,1,1,32,3,9,4,0.17149
64,54,54,32,3,1,3,9,32,6,2,8,0.055505
64,54,54,32,3,1,9,9,32,3,1,4,0.08968000000000001
64,54,54,32,3,2,1,2,32,3,9,8,0.13686
64,54,54,32,3,1,1,1,32,6,2,8,0.2729
64,54,54,32,3,2,3,9,32,3,1,8,0.049165
64,54,54,32,3,2,1,2,32,3,3,8,0.118765
64,54,54,32,3,1,1,1,32,3,3,16,0.37715
64,54,54,32,3,1,2,18,32,3,1,16,0.048045000000000004
64,54,54,32,3,1,1,9,32,1,2,32,0.08741
64,54,54,32,3,2,3,9,32,3,1,4,0.05174
64,54,54,32,3,1,3,9,32,1,2,16,0.050975
64,54,54,32,3,1,9,9,32,1,3,16,0.089295
64,54,54,32,3,1,2,2,32,9,1,1,0.077715
64,54,54,32,3,1,1,1,32,1,6,2,0.130355
64,54,54,32,3,1,1,6,32,3,1,2,0.050065
64,54,54,32,3,1,1,3,32,9,2,32,0.31789
64,54,54,32,3,2,6,6,32,3,1,1,0.114385
64,54,54,32,3,2,3,9,32,2,1,8,0.047215
64,54,54,32,3,1,1,2,32,9,1,8,0.156865
64,54,54,32,3,2,1,1,32,2,2,2,0.109805
64,54,54,32,3,2,1,1,32,3,6,2,0.15115
64,54,54,32,3,2,3,18,32,2,1,8,0.042095
64,54,54,32,3,2,3,9,32,2,1,4,0.045615
64,54,54,32,3,1,2,9,32,3,3,1,0.05587
64,54,54,32,3,2,1,3,32,3,6,2,0.0809
64,54,54,32,3,2,3,6,32,6,3,2,0.083155
64,54,54,32,3,2,1,1,32,3,1,32,0.65213
64,54,54,32,3,2,3,6,32,2,3,8,0.043795
64,54,54,32,3,2,2,2,32,1,3,4,0.081985
64,54,54,32,3,2,2,18,32,3,1,4,0.041475
64,54,54,32,3,2,1,1,32,6,2,4,0.16072
64,54,54,32,3,1,1,6,32,1,1,16,0.12141
64,54,54,32,3,2,2,3,32,9,3,1,0.12096
64,54,54,32,3,2,3,6,32,2,3,2,0.04934
64,54,54,32,3,2,1,9,32,1,3,4,0.036495
64,54,54,32,3,2,1,3,32,1,9,16,0.12496
64,54,54,32,3,1,3,9,32,3,3,2,0.0436
64,54,54,32,3,1,2,3,32,1,6,16,0.07994
64,54,54,32,3,1,1,9,32,1,3,4,0.0408
64,54,54,32,3,2,1,2,32,1,3,32,0.24861
64,54,54,32,3,1,2,18,32,1,1,16,0.04688
64,54,54,32,3,1,1,6,32,2,3,16,0.07389
64,54,54,32,3,1,1,2,32,6,1,16,0.22848
64,54,54,32,3,1,1,6,32,2,1,8,0.06323000000000001
64,54,54,32,3,1,1,1,32,1,9,32,0.600205
64,54,54,32,3,1,1,9,32,1,2,2,0.043405
64,54,54,32,3,1,1,2,32,9,1,1,0.090675
64,54,54,32,3,1,3,9,32,3,1,4,0.0391
64,54,54,32,3,1,3,3,32,6,2,4,0.065075
64,54,54,32,3,1,2,2,32,1,3,4,0.062735
64,54,54,32,3,1,3,3,32,2,3,16,0.06989
64,54,54,32,3,2,1,27,32,3,1,1,0.06243
64,54,54,32,3,2,1,6,32,2,3,1,0.056735
64,54,54,32,3,2,1,3,32,2,1,32,0.22788999999999998
64,54,54,32,3,2,1,1,32,2,9,32,0.79835
64,54,54,32,3,2,3,3,32,1,6,2,0.045235
64,54,54,32,3,2,1,9,32,2,2,32,0.081375
64,54,54,32,3,1,1,27,32,9,1,4,0.05146
64,54,54,32,3,1,1,3,32,3,3,32,0.21016
64,54,54,32,3,2,6,6,32,9,1,1,0.1945
64,54,54,32,3,1,1,18,32,9,1,1,0.058355000000000004
64,54,54,32,3,1,1,6,32,2,3,4,0.04416
64,54,54,32,3,2,1,3,32,6,3,8,0.1256
64,54,54,32,3,1,3,3,32,1,2,2,0.05144
64,54,54,32,3,1,9,9,32,2,1,4,0.08989
64,54,54,32,3,1,3,6,32,6,3,4,0.0524
64,54,54,32,3,1,1,1,32,3,2,16,0.36157
64,54,54,32,3,1,2,3,32,3,1,2,0.06625500000000001
64,54,54,32,3,2,3,3,32,3,1,8,0.0913
64,54,54,32,3,1,1,1,32,2,2,4,0.152975
64,54,54,32,3,1,2,2,32,3,3,16,0.12262
64,54,54,32,3,1,1,2,32,6,3,4,0.13552
64,54,54,32,3,2,6,6,32,3,1,2,0.07946
64,54,54,32,3,1,1,27,32,2,1,1,0.049394999999999994
64,54,54,32,3,1,1,9,32,2,3,16,0.055855
64,54,54,32,3,1,2,2,32,9,1,16,0.190705
64,54,54,32,3,1,1,1,32,2,6,16,0.40625500000000003
64,54,54,32,3,2,1,27,32,2,1,16,0.039215
64,54,54,32,3,2,1,1,32,3,2,4,0.13613
64,54,54,32,3,1,3,3,32,1,9,4,0.045615
64,54,54,32,3,2,3,3,32,1,1,16,0.162435
64,54,54,32,3,2,3,9,32,2,2,16,0.05136
64,54,54,32,3,2,1,6,32,3,3,4,0.05254
64,54,54,32,3,2,2,3,32,1,6,2,0.05651
64,54,54,32,3,2,1,18,32,3,1,16,0.048354999999999995
64,54,54,32,3,1,3,9,32,2,3,32,0.07406499999999999
64,54,54,32,3,1,1,1,32,3,9,32,0.6980649999999999
64,54,54,32,3,2,1,3,32,1,2,8,0.0832
64,54,54,32,3,1,1,1,32,9,3,4,0.206625
64,54,54,32,3,1,1,1,32,1,1,2,0.23172500000000001
64,54,54,32,3,1,3,3,32,3,9,8,0.057325
64,54,54,32,3,1,3,3,32,1,2,32,0.136595
64,54,54,32,3,2,3,9,32,1,3,1,0.08198
64,54,54,32,3,1,1,27,32,1,1,4,0.034255
64,54,54,32,3,2,3,3,32,2,6,1,0.07152
64,54,54,32,3,2,1,3,32,6,2,1,0.084175
64,54,54,32,3,2,3,18,32,2,1,32,0.097645
64,54,54,32,3,2,1,6,32,1,1,16,0.1241
64,54,54,32,3,2,1,2,32,1,9,2,0.0713
64,54,54,32,3,1,3,3,32,1,1,8,0.10554
64,54,54,32,3,1,2,9,32,3,1,1,0.04634
64,54,54,32,3,2,1,9,32,3,1,1,0.05536
64,54,54,32,3,1,6,6,32,1,3,1,0.05114
64,54,54,32,3,2,1,2,32,6,1,1,0.07608000000000001
64,54,54,32,3,2,3,3,32,3,6,16,0.09453
64,54,54,32,3,1,1,9,32,6,2,2,0.0457
64,54,54,32,3,1,1,1,32,1,3,1,0.12752
64,54,54,32,3,1,3,3,32,2,2,4,0.05870499999999999
64,54,54,32,3,2,1,27,32,9,1,16,0.056045
64,54,54,32,3,1,3,6,32,9,1,32,0.14291
64,54,54,32,3,2,1,9,32,3,2,4,0.03968
64,54,54,32,3,1,2,9,32,1,3,2,0.034625
64,54,54,32,3,2,6,6,32,9,1,8,0.1297
64,54,54,32,3,2,1,1,32,2,1,32,0.63576
64,54,54,32,3,2,1,27,32,9,1,4,0.04381
64,54,54,32,3,1,1,1,32,2,6,8,0.25568
64,54,54,32,3,1,1,6,32,2,3,2,0.042015
64,54,54,32,3,2,1,2,32,1,1,32,0.468685
64,54,54,32,3,1,3,3,32,6,1,2,0.063025
64,54,54,32,3,2,1,1,32,1,2,2,0.11699000000000001
64,54,54,32,3,2,2,3,32,1,2,2,0.058575
64,54,54,32,3,2,1,6,32,2,1,32,0.154115
64,54,54,32,3,1,3,3,32,1,9,16,0.06422
64,54,54,32,3,2,3,3,32,2,1,32,0.221905
64,54,54,32,3,1,1,3,32,2,9,8,0.13982499999999998
64,54,54,32,3,1,2,3,32,1,6,1,0.054525000000000004
64,54,54,32,3,1,1,3,32,6,3,16,0.2145
64,54,54,32,3,2,1,3,32,1,9,1,0.06648000000000001
64,54,54,32,3,1,1,6,32,2,1,4,0.05379
64,54,54,32,3,2,1,6,32,3,1,8,0.065135
64,54,54,32,3,1,1,1,32,1,2,8,0.21908499999999997
64,54,54,32,3,1,1,3,32,3,6,2,0.10408
64,54,54,32,3,1,1,3,32,2,6,8,0.10867
64,54,54,32,3,2,3,3,32,6,1,8,0.092335
64,54,54,32,3,2,3,18,32,3,1,8,0.06329499999999999
64,54,54,32,3,1,1,18,32,1,1,16,0.047314999999999996
64,54,54,32,3,2,1,1,32,2,3,1,0.1072
64,54,54,32,3,1,3,9,32,9,1,4,0.059985
64,54,54,32,3,1,1,3,32,1,1,1,0.08971000000000001
64,54,54,32,3,2,2,6,32,3,3,2,0.04592
64,54,54,32,3,1,2,27,32,1,1,32,0.07488
64,54,54,32,3,1,2,3,32,3,6,2,0.062095
64,54,54,32,3,2,3,6,32,9,1,2,0.07398
64,54,54,32,3,1,3,6,32,6,3,32,0.086195
64,54,54,32,3,2,1,3,32,3,6,1,0.07254
64,54,54,32,3,2,3,18,32,1,1,32,0.09827
64,54,54,32,3,1,1,6,32,1,3,16,0.07256
64,54,54,32,3,2,3,6,32,2,1,16,0.080525
64,54,54,32,3,1,2,2,32,9,3,32,0.19613
64,54,54,32,3,1,3,6,32,2,3,16,0.0433
64,54,54,32,3,2,2,6,32,3,1,32,0.1341
64,54,54,32,3,2,1,3,32,1,2,2,0.066095
64,54,54,32,3,1,2,6,32,3,3,16,0.054415
64,54,54,32,3,1,2,3,32,9,3,4,0.07377500000000001
64,54,54,32,3,2,3,6,32,1,3,2,0.044335
64,54,54,32,3,2,6,9,32,1,1,2,0.0833
64,54,54,32,3,1,1,2,32,1,1,8,0.206675
64,54,54,32,3,1,1,3,32,2,2,8,0.09
64,54,54,32,3,1,1,3,32,9,1,32,0.25846
64,54,54,32,3,2,3,3,32,3,1,16,0.13018
64,54,54,32,3,2,1,6,32,1,3,1,0.0511
64,54,54,32,3,2,1,9,32,2,3,16,0.05293
64,54,54,32,3,1,9,9,32,1,2,4,0.067345
64,54,54,32,3,1,3,9,32,2,2,8,0.03814
64,54,54,32,3,2,1,9,32,3,2,32,0.087505
64,54,54,32,3,2,1,1,32,9,2,2,0.15546
64,54,54,32,3,1,2,2,32,3,1,32,0.286705
64,54,54,32,3,1,1,6,32,2,1,2,0.05299
64,54,54,32,3,1,1,3,32,3,6,16,0.21104
64,54,54,32,3,2,1,2,32,3,9,1,0.08118
64,54,54,32,3,1,1,3,32,1,9,1,0.083315
64,54,54,32,3,1,3,18,32,1,1,32,0.09204999999999999
64,54,54,32,3,2,3,6,32,3,3,4,0.053875
64,54,54,32,3,1,2,3,32,3,3,1,0.05832
64,54,54,32,3,2,3,3,32,1,3,32,0.11974499999999999
64,54,54,32,3,2,1,9,32,2,2,2,0.039985
64,54,54,32,3,1,1,3,32,1,9,32,0.20177499999999998
64,54,54,32,3,1,2,6,32,3,3,2,0.03674
64,54,54,32,3,1,6,6,32,1,1,32,0.15947499999999998
64,54,54,32,3,1,2,3,32,1,6,8,0.05944
64,54,54,32,3,2,3,9,32,6,1,4,0.057485
64,54,54,32,3,2,2,3,32,1,2,8,0.07277
64,54,54,32,3,1,2,2,32,1,9,1,0.056045
64,54,54,32,3,2,3,6,32,3,1,1,0.07738
64,54,54,32,3,2,1,1,32,1,2,32,0.51808
64,54,54,32,3,2,1,9,32,1,3,16,0.05144
64,54,54,32,3,1,2,3,32,1,9,8,0.06195
64,54,54,32,3,2,1,1,32,6,2,1,0.116735
64,54,54,32,3,1,1,3,32,1,6,4,0.07232
64,54,54,32,3,1,2,3,32,3,3,16,0.09648
64,54,54,32,3,2,1,18,32,3,1,1,0.0537
64,54,54,32,3,1,3,3,32,1,1,32,0.27558499999999997
64,54,54,32,3,1,3,3,32,6,3,32,0.16380499999999998
64,54,54,32,3,1,3,3,32,3,3,16,0.075725
64,54,54,32,3,1,1,1,32,1,9,16,0.355155
64,54,54,32,3,2,1,9,32,2,3,32,0.08222499999999999
64,54,54,32,3,1,1,1,32,9,3,8,0.28446499999999997
64,54,54,32,3,2,1,1,32,1,6,4,0.12592
64,54,54,32,3,2,3,9,32,2,2,2,0.05344
64,54,54,32,3,2,1,2,32,2,1,16,0.19822499999999998
64,54,54,32,3,2,2,3,32,1,2,32,0.15947
64,54,54,32,3,2,1,2,32,6,3,32,0.40066999999999997
64,54,54,32,3,2,2,3,32,1,9,1,0.07005
64,54,54,32,3,1,3,3,32,3,9,1,0.084735
64,54,54,32,3,2,1,9,32,3,1,16,0.063395
64,54,54,32,3,1,2,9,32,3,2,1,0.050675
64,54,54,32,3,1,3,3,32,1,6,16,0.06173
64,54,54,32,3,2,1,3,32,9,3,1,0.0929
64,54,54,32,3,2,3,3,32,9,3,16,0.082755
64,54,54,32,3,2,3,9,32,3,3,8,0.05037
64,54,54,32,3,2,3,3,32,2,9,8,0.07208
64,54,54,32,3,1,1,2,32,3,3,16,0.19748500000000002
64,54,54,32,3,1,3,3,32,6,1,1,0.06512
64,54,54,32,3,2,1,3,32,9,2,16,0.1911
64,54,54,32,3,1,2,3,32,3,6,1,0.058015
64,54,54,32,3,2,1,3,32,2,9,32,0.29101
64,54,54,32,3,2,3,3,32,9,3,8,0.071905
64,54,54,32,3,2,6,6,32,3,3,32,0.12291
64,54,54,32,3,1,1,3,32,1,6,1,0.0672
64,54,54,32,3,1,1,1,32,3,1,16,0.41108500000000003
64,54,54,32,3,2,1,2,32,3,3,32,0.27992
64,54,54,32,3,1,3,6,32,6,1,32,0.1172
64,54,54,32,3,1,2,2,32,3,3,2,0.056285
64,54,54,32,3,1,3,9,32,3,3,32,0.09688
64,54,54,32,3,2,2,2,32,9,1,1,0.11191999999999999
64,54,54,32,3,1,6,9,32,3,2,16,0.08317
64,54,54,32,3,1,3,3,32,3,1,2,0.05731
64,54,54,32,3,2,1,18,32,6,1,16,0.05782
64,54,54,32,3,2,3,3,32,1,1,2,0.062195
64,54,54,32,3,2,1,9,32,9,2,16,0.08378
64,54,54,32,3,2,6,6,32,3,3,2,0.09274
64,54,54,32,3,2,1,1,32,1,6,16,0.294545
64,54,54,32,3,2,2,3,32,1,2,1,0.070995
64,54,54,32,3,1,1,3,32,3,6,1,0.09472
64,54,54,32,3,1,1,3,32,9,2,16,0.22046500000000002
64,54,54,32,3,1,1,3,32,1,6,16,0.13194
64,54,54,32,3,1,1,18,32,2,1,32,0.06862
64,54,54,32,3,1,6,9,32,1,3,1,0.05928
64,54,54,32,3,1,3,3,32,1,3,8,0.05856
64,54,54,32,3,1,2,9,32,1,2,2,0.033965
64,54,54,32,3,2,1,18,32,1,1,1,0.05352
64,54,54,32,3,2,1,18,32,2,1,1,0.05459
64,54,54,32,3,2,2,9,32,3,2,8,0.0463
64,54,54,32,3,2,3,3,32,6,1,1,0.08465500000000001
64,54,54,32,3,1,1,9,32,3,1,4,0.046415
64,54,54,32,3,2,2,6,32,1,1,4,0.045265
64,54,54,32,3,2,2,3,32,3,1,16,0.1425
64,54,54,32,3,1,1,9,32,3,2,16,0.05923
64,54,54,32,3,1,1,6,32,1,3,8,0.053235000000000005
64,54,54,32,3,1,1,9,32,6,3,8,0.06861
64,54,54,32,3,1,1,18,32,3,1,32,0.067635
64,54,54,32,3,1,1,1,32,9,1,4,0.20512
64,54,54,32,3,1,6,6,32,3,3,1,0.088145
64,54,54,32,3,2,3,3,32,2,1,4,0.063185
64,54,54,32,3,1,3,9,32,6,2,2,0.047025
64,54,54,32,3,1,1,2,32,1,9,4,0.09222
64,54,54,32,3,2,1,2,32,2,9,2,0.103215
64,54,54,32,3,1,1,18,32,6,1,8,0.0336
64,54,54,32,3,1,2,2,32,1,9,16,0.11142
64,54,54,32,3,2,2,3,32,3,1,2,0.066225
64,54,54,32,3,1,3,9,32,9,1,32,0.16761500000000001
64,54,54,32,3,2,1,18,32,9,1,1,0.09184
64,54,54,32,3,2,2,9,32,3,1,32,0.10582
64,54,54,32,3,2,1,3,32,3,2,2,0.06275
64,54,54,32,3,2,1,9,32,9,3,32,0.10029
64,54,54,32,3,1,2,9,32,3,1,2,0.039085
64,54,54,32,3,1,1,1,32,3,6,32,0.916115
64,54,54,32,3,2,1,3,32,3,3,4,0.072275
64,54,54,32,3,2,1,27,32,6,1,2,0.053745
64,54,54,32,3,1,3,3,32,2,6,2,0.04486
64,54,54,32,3,2,1,6,32,2,3,4,0.041935
64,54,54,32,3,1,2,2,32,9,3,8,0.09622
64,54,54,32,3,2,1,2,32,2,3,16,0.16525
64,54,54,32,3,1,3,3,32,1,1,1,0.06256
64,54,54,32,3,1,2,18,32,3,1,1,0.04987
64,54,54,32,3,1,1,1,32,6,3,8,0.355885
64,54,54,32,3,1,2,3,32,1,6,32,0.10938
64,54,54,32,3,2,1,9,32,6,1,1,0.05914
64,54,54,32,3,1,3,18,32,2,1,4,0.032465
64,54,54,32,3,2,1,3,32,2,3,4,0.06443499999999999
64,54,54,32,3,1,2,9,32,3,3,16,0.05187
64,54,54,32,3,1,2,3,32,3,1,16,0.14470499999999997
64,54,54,32,3,1,3,3,32,6,2,8,0.07753499999999999
64,54,54,32,3,1,2,2,32,3,9,4,0.076915
64,54,54,32,3,2,2,6,32,1,1,16,0.09904
64,54,54,32,3,2,1,9,32,2,3,2,0.03718
64,54,54,32,3,1,3,3,32,6,1,32,0.19982499999999997
64,54,54,32,3,1,1,2,32,9,3,16,0.22867
64,54,54,32,3,1,1,3,32,1,1,16,0.23114
64,54,54,32,3,1,1,9,32,2,2,1,0.04808
64,54,54,32,3,1,1,18,32,3,1,1,0.04176
64,54,54,32,3,2,1,3,32,9,1,32,0.25105500000000003
64,54,54,32,3,1,2,2,32,9,1,4,0.090415
64,54,54,32,3,2,1,2,32,1,1,16,0.29112000000000005
64,54,54,32,3,2,2,3,32,3,3,1,0.07155
64,54,54,32,3,2,3,9,32,9,1,32,0.15629
64,54,54,32,3,1,6,9,32,1,1,16,0.09395
64,54,54,32,3,2,1,3,32,2,3,8,0.080655
64,54,54,32,3,1,3,3,32,6,3,2,0.078125
64,54,54,32,3,2,1,9,32,6,2,32,0.098735
64,54,54,32,3,2,1,9,32,6,3,8,0.063955
64,54,54,32,3,2,3,3,32,2,6,2,0.04614
64,54,54,32,3,1,3,6,32,3,1,4,0.03981
64,54,54,32,3,1,2,6,32,9,3,2,0.047585
64,54,54,32,3,2,2,9,32,1,1,8,0.05613
64,54,54,32,3,2,1,27,32,6,1,1,0.0936
64,54,54,32,3,1,1,1,32,1,1,1,0.21533
64,54,54,32,3,1,2,9,32,1,1,32,0.112545
64,54,54,32,3,1,1,2,32,1,1,16,0.326445
64,54,54,32,3,2,6,9,32,1,3,8,0.05544
64,54,54,32,3,2,2,3,32,3,2,8,0.07203
64,54,54,32,3,2,1,1,32,3,9,16,0.36998
64,54,54,32,3,1,6,9,32,3,1,32,0.194575
64,54,54,32,3,2,2,3,32,3,9,1,0.118975
64,54,54,32,3,2,1,1,32,2,1,4,0.15744
64,54,54,32,3,1,1,2,32,1,3,32,0.278835
64,54,54,32,3,1,3,3,32,2,9,32,0.14363
64,54,54,32,3,2,1,6,32,2,3,16,0.07523
64,54,54,32,3,1,3,3,32,1,1,2,0.072435
64,54,54,32,3,1,3,3,32,6,3,1,0.072525
64,54,54,32,3,1,2,27,32,3,1,16,0.0591
64,54,54,32,3,2,3,6,32,3,3,16,0.065875
64,54,54,32,3,1,3,9,32,3,3,1,0.07376
64,54,54,32,3,1,1,2,32,2,1,4,0.10467
64,54,54,32,3,2,3,6,32,6,1,32,0.14193499999999998
64,54,54,32,3,1,1,27,32,3,1,1,0.049375
64,54,54,32,3,1,1,2,32,1,9,32,0.300815
64,54,54,32,3,2,3,6,32,2,3,16,0.05398
64,54,54,32,3,1,2,6,32,9,1,8,0.06005
64,54,54,32,3,1,1,1,32,1,1,32,1.1236000000000002
64,54,54,32,3,1,1,6,32,9,3,2,0.07149
64,54,54,32,3,2,3,9,32,3,3,32,0.08638499999999999
64,54,54,32,3,2,3,3,32,2,9,4,0.06842
64,54,54,32,3,1,1,6,32,6,1,4,0.051824999999999996
64,54,54,32,3,1,1,1,32,1,9,8,0.22525
64,54,54,32,3,2,1,2,32,6,3,2,0.10424
64,54,54,32,3,2,6,9,32,3,1,8,0.09862
64,54,54,32,3,2,1,1,32,6,2,8,0.23405
64,54,54,32,3,1,1,3,32,2,3,16,0.132525
64,54,54,32,3,2,2,9,32,9,2,2,0.07907
64,54,54,32,3,2,1,1,32,2,3,2,0.1084
64,54,54,32,3,2,2,2,32,1,9,16,0.12168000000000001
64,54,54,32,3,1,1,3,32,1,3,8,0.08845
64,54,54,32,3,1,1,9,32,1,2,16,0.05592
64,54,54,32,3,1,1,3,32,6,2,16,0.16934
64,54,54,32,3,2,2,18,32,1,1,2,0.04328
64,54,54,32,3,1,1,27,32,1,1,1,0.04765
64,54,54,32,3,1,1,1,32,1,2,32,0.5828949999999999
64,54,54,32,3,1,3,18,32,6,1,32,0.12083
64,54,54,32,3,1,3,3,32,3,2,8,0.0695
64,54,54,32,3,1,3,3,32,2,9,1,0.063375
64,54,54,32,3,1,1,2,32,9,1,4,0.115455
64,54,54,32,3,2,6,9,32,1,2,32,0.0993
64,54,54,32,3,1,1,27,32,9,1,1,0.08154
64,54,54,32,3,2,3,6,32,3,3,8,0.05526
64,54,54,32,3,2,1,1,32,3,2,32,0.569165
64,54,54,32,3,1,1,3,32,1,1,2,0.100305
64,54,54,32,3,1,3,9,32,3,3,16,0.063375
64,54,54,32,3,2,1,3,32,2,6,2,0.073645
64,54,54,32,3,2,1,1,32,9,1,16,0.417425
64,54,54,32,3,1,1,1,32,3,3,4,0.172595
64,54,54,32,3,1,9,9,32,1,2,1,0.0857
64,54,54,32,3,1,1,3,32,3,6,4,0.1112
64,54,54,32,3,2,6,6,32,3,3,8,0.07638
64,54,54,32,3,1,9,9,32,1,3,32,0.15053
64,54,54,32,3,1,1,1,32,1,3,32,0.56531
64,54,54,32,3,2,1,18,32,2,1,8,0.037099999999999994
64,54,54,32,3,1,1,9,32,2,1,16,0.06342500000000001
64,54,54,32,3,2,2,2,32,9,1,32,0.36304
64,54,54,32,3,2,1,27,32,2,1,32,0.06434999999999999
64,54,54,32,3,2,2,2,32,1,1,32,0.459535
64,54,54,32,3,2,2,18,32,3,1,8,0.040465
64,54,54,32,3,2,1,1,32,2,6,2,0.12586
64,54,54,32,3,1,1,9,32,3,1,8,0.052669999999999995
64,54,54,32,3,2,6,6,32,1,3,8,0.046
64,54,54,32,3,2,3,9,32,6,1,16,0.08448
64,54,54,32,3,1,2,3,32,3,6,8,0.08848
64,54,54,32,3,2,1,2,32,2,9,8,0.16206500000000001
64,54,54,32,3,1,3,27,32,1,1,16,0.06096
64,54,54,32,3,1,3,3,32,1,9,32,0.097715
64,54,54,32,3,2,1,27,32,3,1,16,0.040595
64,54,54,32,3,2,3,18,32,1,1,2,0.061395
64,54,54,32,3,1,1,3,32,3,6,32,0.30317000000000005
64,54,54,32,3,1,3,3,32,3,1,32,0.197135
64,54,54,32,3,2,2,9,32,1,2,2,0.058195
64,54,54,32,3,2,2,18,32,9,1,32,0.107505
64,54,54,32,3,2,1,6,32,9,3,1,0.098605
64,54,54,32,3,1,3,9,32,3,2,1,0.06042
64,54,54,32,3,2,2,3,32,3,1,1,0.08035
64,54,54,32,3,1,1,9,32,2,3,8,0.04451
64,54,54,32,3,2,2,3,32,9,2,1,0.10134
64,54,54,32,3,1,2,3,32,3,1,32,0.201245
64,54,54,32,3,1,6,9,32,3,1,4,0.06808
64,54,54,32,3,1,3,6,32,3,3,16,0.0529
64,54,54,32,3,1,1,2,32,3,9,8,0.14498
64,54,54,32,3,1,2,3,32,1,6,2,0.04829
64,54,54,32,3,1,1,2,32,1,3,1,0.073615
64,54,54,32,3,2,3,9,32,3,2,4,0.050515000000000004
64,54,54,32,3,1,1,1,32,6,3,16,0.566785
64,54,54,32,3,2,2,6,32,3,3,1,0.0751
64,54,54,32,3,2,1,27,32,9,1,8,0.05251
64,54,54,32,3,1,1,1,32,3,3,1,0.1385
64,54,54,32,3,2,1,9,32,3,3,16,0.05606
64,54,54,32,3,1,2,3,32,1,9,2,0.054765
64,54,54,32,3,2,6,6,32,3,3,4,0.05896
64,54,54,32,3,2,3,9,32,1,3,8,0.035085
64,54,54,32,3,2,2,3,32,1,9,4,0.060594999999999996
64,54,54,32,3,1,3,27,32,3,1,16,0.08704
64,54,54,32,3,2,1,1,32,1,9,4,0.13589
64,54,54,32,3,1,3,3,32,9,2,8,0.097105
64,54,54,32,3,1,3,9,32,2,3,1,0.057715
64,54,54,32,3,2,1,9,32,6,2,8,0.04893
64,54,54,32,3,1,1,6,32,1,1,2,0.05754
64,54,54,32,3,1,3,18,32,6,1,1,0.08691
64,54,54,32,3,2,2,27,32,3,1,4,0.05219
64,54,54,32,3,1,3,6,32,3,3,1,0.059955
64,54,54,32,3,2,1,6,32,9,1,1,0.06518
64,54,54,32,3,1,2,2,32,3,1,2,0.07085
64,54,54,32,3,2,1,3,32,9,3,32,0.23117
64,54,54,32,3,1,1,1,32,9,3,16,0.440785
64,54,54,32,3,1,3,9,32,6,1,8,0.05792
64,54,54,32,3,2,2,3,32,9,2,4,0.07501
64,54,54,32,3,2,2,18,32,9,1,4,0.053105
64,54,54,32,3,1,2,27,32,1,1,16,0.04824
64,54,54,32,3,2,3,3,32,2,3,32,0.117955
64,54,54,32,3,2,1,27,32,1,1,32,0.06539
64,54,54,32,3,2,1,2,32,3,9,4,0.110285
64,54,54,32,3,1,3,6,32,9,1,16,0.08653
64,54,54,32,3,1,3,3,32,1,9,8,0.05059
64,54,54,32,3,1,1,1,32,9,2,8,0.36616000000000004
64,54,54,32,3,2,1,9,32,6,3,1,0.087695
64,54,54,32,3,2,3,3,32,1,2,32,0.15061000000000002
64,54,54,32,3,1,6,6,32,3,3,4,0.058335
64,54,54,32,3,2,3,3,32,1,1,1,0.07680000000000001
64,54,54,32,3,1,2,3,32,3,2,32,0.134095
64,54,54,32,3,2,2,2,32,9,3,2,0.075295
64,54,54,32,3,1,1,9,32,6,2,32,0.107635
64,54,54,32,3,1,1,1,32,3,3,8,0.23773
64,54,54,32,3,1,9,9,32,2,2,4,0.06493
64,54,54,32,3,1,1,1,32,3,1,32,0.725745
64,54,54,32,3,2,3,18,32,6,1,4,0.056915
64,54,54,32,3,1,2,9,32,9,1,8,0.05485
64,54,54,32,3,2,1,3,32,1,6,16,0.117325
64,54,54,32,3,2,2,2,32,3,1,1,0.09552
64,54,54,32,3,2,1,9,32,3,3,4,0.042429999999999995
64,54,54,32,3,1,3,9,32,2,3,16,0.04899
64,54,54,32,3,2,1,6,32,9,1,8,0.07081499999999999
64,54,54,32,3,2,1,6,32,6,3,16,0.118255
64,54,54,32,3,1,2,9,32,3,2,8,0.03645
64,54,54,32,3,1,1,1,32,1,2,1,0.13976
64,54,54,32,3,2,3,9,32,2,3,16,0.049135
64,54,54,32,3,1,1,3,32,9,1,16,0.17734
64,54,54,32,3,1,2,6,32,1,3,2,0.0353
64,54,54,32,3,2,3,6,32,9,1,1,0.11731
64,54,54,32,3,2,6,6,32,1,1,16,0.105455
64,54,54,32,3,2,3,3,32,3,2,16,0.096385
64,54,54,32,3,1,3,18,32,6,1,8,0.0625
64,54,54,32,3,1,1,1,32,2,1,16,0.399055
64,54,54,32,3,2,3,9,32,3,1,2,0.059635
64,54,54,32,3,2,1,6,32,9,3,32,0.1552
64,54,54,32,3,2,3,18,32,2,1,4,0.048785
64,54,54,32,3,1,2,3,32,3,6,32,0.17334
64,54,54,32,3,2,1,1,32,1,9,8,0.19083499999999998
64,54,54,32,3,1,9,9,32,2,2,8,0.07354
64,54,54,32,3,1,1,1,32,9,2,16,0.580575
64,54,54,32,3,1,1,3,32,1,6,32,0.18910500000000002
64,54,54,32,3,2,6,9,32,3,2,4,0.05987
64,54,54,32,3,1,6,9,32,1,3,2,0.049325
64,54,54,32,3,2,1,3,32,6,1,4,0.076335
64,54,54,32,3,2,2,3,32,1,9,16,0.08666
64,54,54,32,3,2,3,6,32,2,3,1,0.08134
64,54,54,32,3,1,3,9,32,2,3,4,0.039825
64,54,54,32,3,1,1,3,32,1,3,16,0.12977499999999997
64,54,54,32,3,2,3,9,32,1,1,16,0.0641
64,54,54,32,3,1,1,1,32,6,2,1,0.14899
64,54,54,32,3,2,1,6,32,6,3,1,0.07565
64,54,54,32,3,1,1,9,32,3,2,8,0.046704999999999997
64,54,54,32,3,1,2,2,32,3,9,32,0.182705
64,54,54,32,3,1,3,3,32,2,1,1,0.058035
64,54,54,32,3,2,2,18,32,1,1,32,0.079375
64,54,54,32,3,1,9,9,32,1,3,1,0.07416
64,54,54,32,3,2,2,3,32,1,1,8,0.11576
64,54,54,32,3,1,6,6,32,1,1,2,0.052065
64,54,54,32,3,2,3,9,32,6,2,16,0.07366
64,54,54,32,3,1,3,6,32,2,1,32,0.11579
64,54,54,32,3,2,1,27,32,2,1,1,0.06067
64,54,54,32,3,1,1,2,32,2,9,32,0.44296
64,54,54,32,3,1,1,18,32,1,1,32,0.078205
64,54,54,32,3,1,1,2,32,1,1,2,0.130995
64,54,54,32,3,1,2,18,32,9,1,32,0.101105
64,54,54,32,3,2,3,3,32,1,1,8,0.106655
64,54,54,32,3,1,9,9,32,3,1,1,0.10262
64,54,54,32,3,2,2,3,32,1,6,4,0.052545
64,54,54,32,3,2,3,3,32,9,1,16,0.13622499999999998
64,54,54,32,3,2,2,3,32,3,9,2,0.07158
64,54,54,32,3,2,6,9,32,1,2,1,0.10707
64,54,54,32,3,2,2,2,32,9,3,16,0.14804499999999998
64,54,54,32,3,2,3,9,32,2,1,16,0.063405
64,54,54,32,3,1,2,2,32,1,9,4,0.0615
64,54,54,32,3,2,2,9,32,3,3,1,0.10700499999999999
64,54,54,32,3,2,3,9,32,1,2,1,0.087085
64,54,54,32,3,1,2,18,32,9,1,8,0.05664
64,54,54,32,3,2,2,2,32,1,1,16,0.25810999999999995
64,54,54,32,3,1,3,3,32,1,3,4,0.05069
64,54,54,32,3,2,2,2,32,3,1,8,0.12912
64,54,54,32,3,1,1,3,32,3,3,2,0.075825
64,54,54,32,3,1,3,3,32,2,2,8,0.06958500000000001
64,54,54,32,3,1,3,3,32,3,1,8,0.085935
64,54,54,32,3,1,1,2,32,2,1,8,0.139505
64,54,54,32,3,1,1,3,32,2,2,2,0.069005
64,54,54,32,3,1,2,9,32,1,2,1,0.04483
64,54,54,32,3,2,1,2,32,3,3,4,0.0896
64,54,54,32,3,1,3,3,32,2,2,16,0.08458
64,54,54,32,3,1,1,2,32,6,1,2,0.09064
64,54,54,32,3,2,1,6,32,1,3,16,0.074035
64,54,54,32,3,2,3,18,32,1,1,16,0.060915
64,54,54,32,3,1,1,9,32,2,3,1,0.047439999999999996
64,54,54,32,3,2,3,3,32,9,1,4,0.077645
64,54,54,32,3,2,2,2,32,1,3,16,0.12389
64,54,54,32,3,1,3,6,32,1,1,8,0.05603
64,54,54,32,3,1,1,3,32,2,9,16,0.210445
64,54,54,32,3,1,2,6,32,1,1,4,0.04637
64,54,54,32,3,1,1,9,32,1,3,2,0.04275
64,54,54,32,3,1,1,6,32,1,1,32,0.18256
64,54,54,32,3,1,1,9,32,9,3,8,0.054355
64,54,54,32,3,2,2,9,32,1,3,4,0.03651
64,54,54,32,3,2,1,1,32,1,3,8,0.18033500000000002
64,54,54,32,3,2,1,1,32,6,1,4,0.158675
64,54,54,32,3,1,2,3,32,1,3,32,0.119555
64,54,54,32,3,1,6,6,32,9,1,8,0.096655
64,54,54,32,3,2,1,9,32,1,2,4,0.037105
64,54,54,32,3,2,2,3,32,3,6,16,0.12218
64,54,54,32,3,2,1,6,32,2,1,16,0.094335
64,54,54,32,3,2,2,3,32,1,3,32,0.14064
64,54,54,32,3,1,1,1,32,2,2,8,0.208735
64,54,54,32,3,2,1,1,32,2,6,32,0.612335
64,54,54,32,3,2,2,3,32,1,6,8,0.060524999999999995
64,54,54,32,3,1,3,18,32,2,1,8,0.041870000000000004
64,54,54,32,3,1,9,9,32,1,1,32,0.20979
64,54,54,32,3,2,3,3,32,2,9,32,0.1407
64,54,54,32,3,2,1,3,32,6,3,16,0.185965
64,54,54,32,3,2,1,9,32,2,2,8,0.04099
64,54,54,32,3,1,6,9,32,1,2,16,0.060275
64,54,54,32,3,1,6,6,32,1,1,4,0.04541
64,54,54,32,3,1,1,6,32,3,1,32,0.12822499999999998
64,54,54,32,3,2,2,3,32,3,3,8,0.071475
64,54,54,32,3,1,2,6,32,3,1,2,0.04173
64,54,54,32,3,1,1,6,32,9,1,4,0.057395
64,54,54,32,3,2,1,9,32,9,1,8,0.051635
64,54,54,32,3,2,1,9,32,9,3,2,0.067025
64,54,54,32,3,2,1,1,32,1,3,1,0.10253
64,54,54,32,3,1,3,9,32,6,2,16,0.06944
64,54,54,32,3,1,2,18,32,3,1,2,0.03846
64,54,54,32,3,2,1,9,32,6,3,2,0.05219
64,54,54,32,3,1,3,27,32,3,1,2,0.0447
64,54,54,32,3,2,1,27,32,3,1,8,0.03579
64,54,54,32,3,2,3,9,32,1,3,16,0.039855
64,54,54,32,3,2,1,3,32,1,3,32,0.17981
64,54,54,32,3,2,1,9,32,3,3,32,0.08726
64,54,54,32,3,1,2,9,32,3,3,8,0.04198
64,54,54,32,3,2,1,2,32,3,1,1,0.077645
64,54,54,32,3,2,2,9,32,3,3,8,0.047245
64,54,54,32,3,1,9,9,32,1,2,32,0.16999999999999998
64,54,54,32,3,1,2,9,32,1,2,32,0.0703
64,54,54,32,3,1,1,9,32,6,2,16,0.068285
64,54,54,32,3,1,1,9,32,9,2,8,0.06973
64,54,54,32,3,1,3,18,32,1,1,2,0.038895
64,54,54,32,3,1,3,3,32,2,1,2,0.05448
64,54,54,32,3,1,1,6,32,2,3,8,0.05344
64,54,54,32,3,1,3,18,32,3,1,32,0.11434
64,54,54,32,3,1,2,9,32,9,1,4,0.050865
64,54,54,32,3,2,1,1,32,2,6,16,0.35848
64,54,54,32,3,1,2,27,32,1,1,4,0.03094
64,54,54,32,3,1,2,2,32,3,9,1,0.061155
64,54,54,32,3,2,3,6,32,6,3,16,0.07472
64,54,54,32,3,2,2,3,32,9,1,16,0.1488
64,54,54,32,3,1,3,18,32,2,1,32,0.090355
64,54,54,32,3,1,2,3,32,9,2,2,0.076625
64,54,54,32,3,1,1,1,32,9,2,32,0.98742
64,54,54,32,3,2,3,3,32,6,2,1,0.0888
64,54,54,32,3,2,1,1,32,9,1,4,0.1729
64,54,54,32,3,1,3,6,32,1,1,16,0.082415
64,54,54,32,3,1,1,18,32,3,1,2,0.033325
64,54,54,32,3,2,2,2,32,3,3,2,0.073295
64,54,54,32,3,2,2,9,32,1,3,2,0.05696
64,54,54,32,3,1,2,2,32,3,1,4,0.08173
64,54,54,32,3,2,1,1,32,6,1,16,0.38282
64,54,54,32,3,2,3,9,32,3,3,4,0.04154
64,54,54,32,3,2,1,6,32,2,3,32,0.123345
64,54,54,32,3,2,1,2,32,2,9,4,0.11299000000000001
64,54,54,32,3,2,1,9,32,3,3,2,0.05117
64,54,54,32,3,2,6,6,32,1,3,32,0.0912
64,54,54,32,3,2,2,27,32,3,1,1,0.10141
64,54,54,32,3,1,1,3,32,2,3,1,0.068275
64,54,54,32,3,2,3,9,32,2,2,8,0.040465
64,54,54,32,3,2,1,9,32,1,1,4,0.04856
64,54,54,32,3,1,1,27,32,3,1,2,0.041615
64,54,54,32,3,1,1,2,32,1,9,8,0.12201500000000001
64,54,54,32,3,2,3,6,32,1,3,1,0.06595
64,54,54,32,3,1,2,9,32,9,1,1,0.06541
64,54,54,32,3,2,1,1,32,2,6,8,0.21801500000000001
64,54,54,32,3,1,3,27,32,1,1,32,0.09276999999999999
64,54,54,32,3,1,3,3,32,3,3,32,0.11706
64,54,54,32,3,2,2,18,32,1,1,8,0.036975
64,54,54,32,3,2,2,6,32,9,1,4,0.055135
64,54,54,32,3,1,3,9,32,3,1,8,0.04531
64,54,54,32,3,2,3,9,32,1,2,32,0.08019000000000001
64,54,54,32,3,2,2,3,32,3,1,32,0.240655
64,54,54,32,3,1,3,6,32,1,3,16,0.042194999999999996
64,54,54,32,3,1,1,2,32,6,1,4,0.1059
64,54,54,32,3,1,1,27,32,3,1,16,0.04214
64,54,54,32,3,1,2,9,32,1,1,8,0.0463
64,54,54,32,3,1,1,9,32,9,3,16,0.072435
64,54,54,32,3,2,3,3,32,1,3,4,0.04808
64,54,54,32,3,1,1,1,32,2,3,32,0.573105
64,54,54,32,3,1,1,3,32,6,3,8,0.140915
64,54,54,32,3,2,2,3,32,3,9,16,0.104435
64,54,54,32,3,2,1,1,32,2,3,8,0.18438500000000002
64,54,54,32,3,2,1,6,32,9,1,2,0.05216
64,54,54,32,3,1,1,6,32,9,1,1,0.055825
64,54,54,32,3,2,1,6,32,6,1,1,0.06376000000000001
64,54,54,32,3,2,1,1,32,1,1,4,0.22877999999999998
64,54,54,32,3,2,1,3,32,3,3,2,0.07235
64,54,54,32,3,2,2,3,32,1,1,32,0.31918
64,54,54,32,3,1,1,6,32,9,3,4,0.06522
64,54,54,32,3,2,1,9,32,2,2,1,0.05117
64,54,54,32,3,1,3,3,32,6,2,32,0.16554
64,54,54,32,3,1,3,18,32,2,1,2,0.0412
64,54,54,32,3,2,2,9,32,9,1,32,0.1081
64,54,54,32,3,2,1,3,32,6,1,2,0.06963
64,54,54,32,3,2,1,6,32,1,1,2,0.047314999999999996
64,54,54,32,3,2,2,2,32,1,3,8,0.09032000000000001
64,54,54,32,3,1,3,27,32,2,1,1,0.06792000000000001
64,54,54,32,3,1,1,3,32,2,3,32,0.18886
64,54,54,32,3,2,1,2,32,1,1,2,0.10493
64,54,54,32,3,1,1,3,32,1,9,8,0.096495
64,54,54,32,3,1,3,3,32,6,1,8,0.08707
64,54,54,32,3,2,3,3,32,9,1,8,0.09689500000000001
64,54,54,32,3,1,3,3,32,2,2,2,0.051199999999999996
64,54,54,32,3,1,2,3,32,9,3,2,0.0809
64,54,54,32,3,2,1,3,32,9,1,16,0.15918500000000002
64,54,54,32,3,2,1,27,32,2,1,2,0.044145000000000004
64,54,54,32,3,1,1,1,32,3,9,8,0.276655
64,54,54,32,3,2,3,6,32,3,1,2,0.056915
64,54,54,32,3,1,1,18,32,1,1,8,0.036000000000000004
64,54,54,32,3,1,1,2,32,2,3,4,0.0863
64,54,54,32,3,2,3,3,32,3,3,32,0.123695
64,54,54,32,3,1,1,1,32,2,9,1,0.17513499999999999
64,54,54,32,3,1,2,3,32,3,3,32,0.129585
64,54,54,32,3,2,1,1,32,3,2,2,0.11327999999999999
64,54,54,32,3,2,1,3,32,1,2,4,0.06824
64,54,54,32,3,1,1,1,32,6,2,4,0.193135
64,54,54,32,3,2,1,3,32,2,6,8,0.09379
64,54,54,32,3,1,1,9,32,1,3,16,0.05475
64,54,54,32,3,2,2,3,32,9,3,8,0.08766499999999999
64,54,54,32,3,1,1,3,32,2,3,8,0.09066
64,54,54,32,3,2,1,6,32,6,1,4,0.050835
64,54,54,32,3,2,6,9,32,3,2,1,0.15958
64,54,54,32,3,1,2,3,32,3,1,1,0.062655
64,54,54,32,3,1,6,6,32,9,1,16,0.13293
64,54,54,32,3,1,1,2,32,3,1,1,0.08749
64,54,54,32,3,2,1,18,32,9,1,8,0.06218
64,54,54,32,3,2,1,9,32,3,3,1,0.06202
64,54,54,32,3,2,1,9,32,2,2,16,0.05315
64,54,54,32,3,1,3,9,32,1,2,2,0.034589999999999996
64,54,54,32,3,2,1,2,32,2,3,4,0.08035
64,54,54,32,3,2,3,3,32,1,3,8,0.058844999999999995
64,54,54,32,3,2,2,2,32,1,1,2,0.10901
64,54,54,32,3,2,1,1,32,2,9,1,0.15174500000000002
64,54,54,32,3,1,1,6,32,6,3,16,0.11587
64,54,54,32,3,1,2,9,32,3,2,32,0.06834000000000001
64,54,54,32,3,2,1,2,32,1,3,1,0.07056
64,54,54,32,3,2,1,3,32,9,3,2,0.10198499999999999
64,54,54,32,3,2,1,1,32,3,3,2,0.116915
64,54,54,32,3,2,1,1,32,3,6,16,0.47806499999999996
64,54,54,32,3,1,3,3,32,2,6,16,0.07005
64,54,54,32,3,1,2,3,32,3,2,4,0.06352
64,54,54,32,3,2,1,6,32,6,1,16,0.09648
64,54,54,32,3,1,6,9,32,3,1,16,0.116625
64,54,54,32,3,2,1,1,32,3,2,1,0.11080000000000001
64,54,54,32,3,2,1,1,32,3,6,8,0.29339
64,54,54,32,3,1,1,3,32,3,1,16,0.16221
64,54,54,32,3,2,1,1,32,9,2,8,0.30931
64,54,54,32,3,2,6,9,32,1,1,4,0.06304
64,54,54,32,3,1,1,3,32,1,3,1,0.0696
64,54,54,32,3,2,1,3,32,2,1,4,0.075565
64,54,54,32,3,2,2,3,32,1,1,16,0.18582500000000002
64,54,54,32,3,1,3,3,32,2,3,2,0.04954
64,54,54,32,3,2,1,6,32,2,3,8,0.051245
64,54,54,32,3,2,1,3,32,1,9,4,0.07011
64,54,54,32,3,2,3,6,32,6,1,2,0.062445
64,54,54,32,3,2,1,3,32,6,2,32,0.238035
64,54,54,32,3,1,1,6,32,3,3,16,0.08112
64,54,54,32,3,2,2,9,32,3,1,2,0.06259
64,54,54,32,3,1,1,1,32,1,1,16,0.612945
64,54,54,32,3,2,3,3,32,1,9,32,0.10064
64,54,54,32,3,1,3,3,32,1,2,1,0.05624
64,54,54,32,3,2,2,3,32,9,3,16,0.111025
64,54,54,32,3,1,1,6,32,3,1,8,0.06262
64,54,54,32,3,1,1,3,32,2,9,32,0.30283
64,54,54,32,3,2,6,6,32,9,1,32,0.25254
64,54,54,32,3,1,2,9,32,1,2,16,0.04397
64,54,54,32,3,2,3,9,32,6,2,8,0.06371
64,54,54,32,3,1,3,9,32,3,2,4,0.04573
64,54,54,32,3,1,1,18,32,9,1,32,0.07632
64,54,54,32,3,2,3,3,32,2,1,16,0.13083
64,54,54,32,3,1,1,9,32,1,1,8,0.06342500000000001
64,54,54,32,3,2,6,6,32,3,1,8,0.07304
64,54,54,32,3,2,2,6,32,1,3,1,0.06157
64,54,54,32,3,2,1,1,32,3,9,1,0.13637
64,54,54,32,3,2,1,3,32,1,1,32,0.33288
64,54,54,32,3,2,3,3,32,1,2,16,0.095535
64,54,54,32,3,2,1,18,32,1,1,16,0.04621
64,54,54,32,3,1,1,9,32,3,2,4,0.0425
64,54,54,32,3,2,1,3,32,9,1,8,0.10346
64,54,54,32,3,1,2,2,32,1,9,32,0.16368
64,54,54,32,3,1,1,3,32,6,3,4,0.11126
64,54,54,32,3,2,1,6,32,1,1,32,0.21008
64,54,54,32,3,1,1,9,32,6,2,4,0.04934
64,54,54,32,3,2,6,6,32,3,3,16,0.08798500000000001
64,54,54,32,3,1,2,27,32,3,1,8,0.04691
64,54,54,32,3,2,1,1,32,1,2,4,0.137805
64,54,54,32,3,1,1,3,32,3,2,8,0.095665
64,54,54,32,3,1,9,9,32,2,2,16,0.101965
64,54,54,32,3,1,1,27,32,2,1,8,0.03421
64,54,54,32,3,2,2,3,32,9,3,2,0.07411
64,54,54,32,3,2,1,9,32,6,3,16,0.08149
64,54,54,32,3,1,3,3,32,2,6,1,0.05005
64,54,54,32,3,2,3,18,32,6,1,8,0.076945
64,54,54,32,3,1,3,9,32,2,3,8,0.04013
64,54,54,32,3,2,1,3,32,3,1,4,0.076
64,54,54,32,3,2,1,2,32,1,3,2,0.07133
64,54,54,32,3,2,3,9,32,2,2,4,0.038255
64,54,54,32,3,1,3,3,32,2,3,8,0.05738
64,54,54,32,3,1,3,6,32,3,3,2,0.045215
64,54,54,32,3,2,2,6,32,1,1,8,0.06267
64,54,54,32,3,2,3,3,32,9,2,16,0.13456
64,54,54,32,3,1,1,9,32,9,2,32,0.14075500000000002
64,54,54,32,3,2,1,1,32,2,6,4,0.15195
64,54,54,32,3,2,2,18,32,9,1,1,0.14749
64,54,54,32,3,1,3,3,32,9,1,32,0.21435500000000002
64,54,54,32,3,1,3,18,32,6,1,2,0.05117
64,54,54,32,3,1,3,3,32,3,1,16,0.11584
64,54,54,32,3,2,1,1,32,2,1,2,0.13046
64,54,54,32,3,1,1,1,32,1,6,32,0.563155
64,54,54,32,3,2,1,3,32,1,3,2,0.061265
64,54,54,32,3,1,1,9,32,3,3,2,0.048915
64,54,54,32,3,2,3,9,32,6,2,4,0.048685
64,54,54,32,3,1,3,27,32,1,1,8,0.041264999999999996
64,54,54,32,3,2,1,2,32,2,1,32,0.32112
64,54,54,32,3,2,3,9,32,2,3,8,0.04352
64,54,54,32,3,1,2,3,32,9,2,1,0.07163
64,54,54,32,3,1,1,6,32,1,3,1,0.045185
64,54,54,32,3,1,2,6,32,9,1,1,0.0633
64,54,54,32,3,2,2,6,32,1,1,1,0.06163
64,54,54,32,3,1,1,2,32,2,9,8,0.18510500000000002
64,54,54,32,3,2,3,6,32,2,3,32,0.082095
64,54,54,32,3,2,6,6,32,1,3,4,0.04694
64,54,54,32,3,2,3,3,32,3,6,4,0.06931
64,54,54,32,3,2,3,9,32,6,1,2,0.06304
64,54,54,32,3,1,3,9,32,3,3,4,0.0479
64,54,54,32,3,2,1,18,32,6,1,32,0.08624
64,54,54,32,3,1,9,9,32,3,1,2,0.066515
64,54,54,32,3,1,2,3,32,9,2,8,0.104435
64,54,54,32,3,1,3,6,32,3,1,1,0.04688
64,54,54,32,3,2,1,2,32,2,3,2,0.073615
64,54,54,32,3,2,2,3,32,1,3,1,0.07261
64,54,54,32,3,1,1,18,32,6,1,32,0.0644
64,54,54,32,3,2,2,9,32,9,1,1,0.11834
64,54,54,32,3,2,3,3,32,2,9,16,0.09287999999999999
64,54,54,32,3,2,1,9,32,9,3,16,0.0623
64,54,54,32,3,2,1,3,32,6,2,2,0.07496
64,54,54,32,3,1,1,6,32,9,3,8,0.073135
64,54,54,32,3,2,1,2,32,2,1,4,0.09348999999999999
64,54,54,32,3,1,1,1,32,1,6,4,0.15208
64,54,54,32,3,1,3,18,32,3,1,8,0.05322
64,54,54,32,3,1,1,2,32,3,3,32,0.3152
64,54,54,32,3,2,2,3,32,3,6,8,0.09
64,54,54,32,3,1,1,1,32,3,1,2,0.15792
64,54,54,32,3,2,2,6,32,9,1,1,0.092995
64,54,54,32,3,2,1,18,32,6,1,8,0.042255
64,54,54,32,3,2,2,3,32,1,1,4,0.081375
64,54,54,32,3,2,1,2,32,1,9,4,0.08749
64,54,54,32,3,1,1,3,32,9,1,2,0.088945
64,54,54,32,3,1,1,9,32,9,3,32,0.11197
64,54,54,32,3,2,1,1,32,3,9,8,0.230865
64,54,54,32,3,1,1,1,32,2,2,2,0.13258
64,54,54,32,3,1,1,27,32,6,1,32,0.07283
64,54,54,32,3,2,2,9,32,3,3,16,0.05286
64,54,54,32,3,2,3,3,32,1,2,4,0.053635
64,54,54,32,3,2,2,3,32,9,3,4,0.085165
64,54,54,32,3,1,2,3,32,1,3,4,0.05688
64,54,54,32,3,1,1,1,32,3,2,32,0.63208
64,54,54,32,3,2,2,2,32,1,9,32,0.189805
64,54,54,32,3,2,1,27,32,2,1,8,0.034125
64,54,54,32,3,2,1,6,32,1,1,4,0.05952
64,54,54,32,3,1,2,9,32,1,3,4,0.03246
64,54,54,32,3,2,1,1,32,3,1,16,0.37688
64,54,54,32,3,2,1,2,32,2,3,32,0.25203
64,54,54,32,3,2,3,9,32,2,3,1,0.09062
64,54,54,32,3,2,1,1,32,3,2,8,0.196625
64,54,54,32,3,2,2,9,32,3,1,1,0.10518
64,54,54,32,3,2,3,9,32,1,2,16,0.05014
64,54,54,32,3,1,9,9,32,2,1,1,0.102255
64,54,54,32,3,2,1,9,32,9,2,1,0.08794
64,54,54,32,3,2,3,3,32,1,3,16,0.076205
64,54,54,32,3,1,3,6,32,6,1,2,0.038445
64,54,54,32,3,2,1,3,32,3,3,32,0.20499
64,54,54,32,3,1,3,9,32,2,2,2,0.0349
64,54,54,32,3,2,1,9,32,1,1,1,0.052785
64,54,54,32,3,1,6,6,32,1,1,8,0.05885
64,54,54,32,3,2,3,18,32,1,1,8,0.042255
64,54,54,32,3,1,1,3,32,2,3,2,0.068205
64,54,54,32,3,1,3,18,32,1,1,16,0.059105
64,54,54,32,3,1,2,3,32,1,2,16,0.111375
64,54,54,32,3,2,3,6,32,1,3,4,0.039665000000000006
64,54,54,32,3,1,2,3,32,9,1,2,0.07708999999999999
64,54,54,32,3,2,2,6,32,9,3,16,0.07472000000000001
64,54,54,32,3,2,2,6,32,1,3,16,0.05363
64,54,54,32,3,1,3,9,32,2,1,2,0.036975
64,54,54,32,3,1,3,6,32,2,1,16,0.069825
64,54,54,32,3,1,2,9,32,3,1,8,0.0415
64,54,54,32,3,1,2,6,32,3,1,16,0.075185
64,54,54,32,3,2,3,3,32,9,1,32,0.23363
64,54,54,32,3,1,3,6,32,2,3,1,0.04986
64,54,54,32,3,2,2,2,32,1,1,4,0.115875
64,54,54,32,3,1,3,3,32,9,2,16,0.12844499999999998
64,54,54,32,3,1,1,27,32,1,1,2,0.034195
64,54,54,32,3,1,1,3,32,3,1,32,0.23944
64,54,54,32,3,1,1,6,32,3,3,1,0.04816
64,54,54,32,3,1,1,1,32,6,3,2,0.20116499999999998
64,54,54,32,3,1,1,9,32,9,3,1,0.085395
64,54,54,32,3,2,3,3,32,3,9,32,0.11452999999999999
64,54,54,32,3,2,1,1,32,3,1,2,0.12865500000000002
64,54,54,32,3,1,2,9,32,1,2,8,0.0344
64,54,54,32,3,1,2,3,32,9,3,32,0.14397
64,54,54,32,3,1,3,6,32,1,1,1,0.05126
64,54,54,32,3,1,3,3,32,1,3,32,0.109935
64,54,54,32,3,1,1,18,32,2,1,8,0.03141
64,54,54,32,3,2,2,3,32,3,9,8,0.08301
64,54,54,32,3,2,1,1,32,1,3,16,0.29594
64,54,54,32,3,1,6,6,32,1,1,1,0.06189
64,54,54,32,3,1,1,9,32,1,1,16,0.08605
64,54,54,32,3,1,1,2,32,9,3,2,0.10646
64,54,54,32,3,2,1,2,32,9,1,8,0.140575
64,54,54,32,3,2,2,18,32,9,1,2,0.08438
64,54,54,32,3,2,2,9,32,9,1,16,0.07466
64,54,54,32,3,1,3,9,32,3,1,32,0.10664
64,54,54,32,3,1,3,9,32,2,2,1,0.04742
64,54,54,32,3,2,3,3,32,1,2,2,0.055279999999999996
64,54,54,32,3,1,6,6,32,1,1,16,0.09568
64,54,54,32,3,2,2,6,32,1,3,4,0.03747
64,54,54,32,3,1,2,9,32,3,2,4,0.03517
64,54,54,32,3,1,1,1,32,1,3,8,0.207795
64,54,54,32,3,1,1,3,32,2,1,1,0.085535
64,54,54,32,3,2,3,18,32,3,1,2,0.0609
64,54,54,32,3,1,2,2,32,1,3,1,0.0575
64,54,54,32,3,1,3,3,32,3,2,2,0.056720000000000007
64,54,54,32,3,2,1,1,32,2,2,4,0.12986999999999999
64,54,54,32,3,1,9,9,32,1,3,2,0.04483
64,54,54,32,3,2,1,3,32,9,1,2,0.082095
64,54,54,32,3,2,1,1,32,3,1,4,0.15726
64,54,54,32,3,1,1,1,32,2,6,1,0.14382
64,54,54,32,3,2,1,9,32,9,2,8,0.06537499999999999
64,54,54,32,3,1,1,3,32,1,3,32,0.185585
64,54,54,32,3,1,2,9,32,3,1,4,0.03837
64,54,54,32,3,1,3,9,32,1,3,32,0.065825
64,54,54,32,3,2,6,6,32,9,1,16,0.16634
64,54,54,32,3,2,3,18,32,2,1,16,0.0616
64,54,54,32,3,2,1,27,32,1,1,16,0.038995
64,54,54,32,3,2,2,6,32,1,1,2,0.04667
64,54,54,32,3,2,1,2,32,3,1,8,0.12712
64,54,54,32,3,1,2,6,32,9,3,8,0.0543
64,54,54,32,3,2,3,9,32,6,2,2,0.076435
64,54,54,32,3,1,1,9,32,1,1,1,0.049325
64,54,54,32,3,1,6,9,32,3,1,8,0.081295
64,54,54,32,3,2,1,1,32,1,1,32,0.950605
64,54,54,32,3,1,2,6,32,3,3,4,0.03952
64,54,54,32,3,2,6,9,32,3,2,16,0.09334500000000001
64,54,54,32,3,2,3,3,32,9,3,2,0.08399999999999999
64,54,54,32,3,1,3,9,32,2,1,16,0.064445
64,54,54,32,3,2,1,6,32,1,1,8,0.08045
64,54,54,32,3,2,1,9,32,3,2,2,0.038285
64,54,54,32,3,1,1,1,32,9,1,8,0.28230500000000003
64,54,54,32,3,1,3,3,32,2,2,1,0.05973
64,54,54,32,3,1,1,1,32,2,9,32,0.915795
64,54,54,32,3,1,3,9,32,1,1,2,0.03933
64,54,54,32,3,2,1,9,32,2,1,1,0.05373
64,54,54,32,3,1,2,2,32,1,9,2,0.053485
64,54,54,32,3,1,3,3,32,3,3,4,0.053325
64,54,54,32,3,2,2,3,32,1,9,8,0.065875
64,54,54,32,3,2,2,3,32,9,1,4,0.086815
64,54,54,32,3,2,3,3,32,3,9,8,0.06443499999999999
64,54,54,32,3,1,1,3,32,3,2,2,0.070015
64,54,54,32,3,2,1,3,32,3,9,16,0.14922
64,54,54,32,3,1,1,6,32,3,1,16,0.086845
64,54,54,32,3,2,2,18,32,1,1,16,0.046765
64,54,54,32,3,1,1,1,32,2,2,32,0.57544
64,54,54,32,3,2,2,3,32,1,9,2,0.05493
64,54,54,32,3,2,3,3,32,2,2,8,0.07347000000000001
64,54,54,32,3,2,3,6,32,1,3,8,0.0417
64,54,54,32,3,1,1,3,32,1,6,8,0.0896
64,54,54,32,3,1,6,6,32,3,1,32,0.16083
64,54,54,32,3,2,3,3,32,9,1,1,0.09926499999999999
64,54,54,32,3,2,1,1,32,3,3,4,0.14299
64,54,54,32,3,1,1,2,32,3,1,16,0.22547
64,54,54,32,3,2,2,3,32,3,2,4,0.059885
64,54,54,32,3,2,2,3,32,1,2,16,0.10106
64,54,54,32,3,2,1,9,32,1,2,2,0.041165
64,54,54,32,3,1,3,3,32,2,6,4,0.04915
64,54,54,32,3,2,2,6,32,3,1,1,0.0704
64,54,54,32,3,2,1,1,32,1,9,2,0.11238500000000001
64,54,54,32,3,1,3,6,32,3,1,32,0.11662
64,54,54,32,3,1,3,3,32,6,3,4,0.071475
64,54,54,32,3,1,1,18,32,1,1,2,0.032
64,54,54,32,3,1,6,9,32,1,1,32,0.15309
64,54,54,32,3,2,2,3,32,9,1,2,0.071645
64,54,54,32,3,2,2,2,32,9,3,4,0.08743999999999999
64,54,54,32,3,1,2,9,32,3,1,16,0.057745
64,54,54,32,3,1,3,9,32,1,1,16,0.064845
64,54,54,32,3,2,3,6,32,2,1,1,0.06906
64,54,54,32,3,1,1,3,32,2,3,4,0.07363
64,54,54,32,3,1,1,1,32,6,2,16,0.43859
64,54,54,32,3,1,1,6,32,3,3,2,0.05107
64,54,54,32,3,2,2,2,32,3,1,4,0.10224
64,54,54,32,3,1,6,6,32,3,1,2,0.05448
64,54,54,32,3,1,1,3,32,3,3,4,0.07958
64,54,54,32,3,2,1,3,32,3,9,8,0.10794
64,54,54,32,3,2,1,2,32,9,1,16,0.22327999999999998
64,54,54,32,3,1,3,3,32,3,6,4,0.06394
64,54,54,32,3,1,2,9,32,9,1,16,0.07192000000000001
64,54,54,32,3,2,1,9,32,1,2,32,0.08358499999999999
64,54,54,32,3,1,1,2,32,2,1,1,0.0888
64,54,54,32,3,1,2,3,32,9,2,16,0.14912
64,54,54,32,3,1,1,2,32,6,1,1,0.09178
64,54,54,32,3,2,1,9,32,6,1,4,0.042285
64,54,54,32,3,2,3,18,32,6,1,32,0.13014
64,54,54,32,3,2,3,6,32,1,1,1,0.07638
64,54,54,32,3,2,1,6,32,1,3,2,0.04298
64,54,54,32,3,2,1,3,32,3,6,32,0.29158
64,54,54,32,3,2,3,6,32,9,1,16,0.10832
64,54,54,32,3,1,1,2,32,2,1,16,0.220335
64,54,54,32,3,1,1,1,32,1,6,8,0.20781
64,54,54,32,3,2,6,9,32,1,2,16,0.06312000000000001
64,54,54,32,3,1,3,6,32,2,3,8,0.034195
64,54,54,32,3,1,3,6,32,2,3,32,0.06667000000000001
64,54,54,32,3,2,1,2,32,6,3,4,0.114515
64,54,54,32,3,1,1,1,32,3,9,4,0.203345
64,54,54,32,3,2,3,6,32,9,1,8,0.0833
64,54,54,32,3,2,1,1,32,1,1,1,0.14909
64,54,54,32,3,2,2,27,32,1,1,1,0.0948
64,54,54,32,3,1,2,6,32,3,1,1,0.054355
64,54,54,32,3,2,2,6,32,3,1,8,0.05926
64,54,54,32,3,2,2,9,32,3,2,2,0.05802
64,54,54,32,3,1,2,3,32,1,1,16,0.18453
64,54,54,32,3,1,1,3,32,3,2,1,0.07011
64,54,54,32,3,1,1,9,32,3,1,32,0.102045
64,54,54,32,3,1,6,6,32,3,3,8,0.05846
64,54,54,32,3,2,1,6,32,1,1,1,0.05555
64,54,54,32,3,2,1,6,32,2,1,1,0.05616
64,54,54,32,3,2,1,3,32,2,6,1,0.08104
64,54,54,32,3,1,2,2,32,1,1,4,0.10893
64,54,54,32,3,2,3,9,32,2,1,1,0.085615
64,54,54,32,3,1,3,3,32,3,6,2,0.06957
64,54,54,32,3,2,2,2,32,3,3,4,0.07783999999999999
64,54,54,32,3,2,1,9,32,3,1,32,0.102625
64,54,54,32,3,1,1,18,32,6,1,2,0.03101
64,54,54,32,3,1,3,9,32,3,3,8,0.046415
64,54,54,32,3,2,2,3,32,3,6,2,0.05808
64,54,54,32,3,2,3,18,32,2,1,1,0.09504
64,54,54,32,3,2,3,6,32,1,3,16,0.0512
64,54,54,32,3,1,3,3,32,1,2,16,0.08344
64,54,54,32,3,1,1,1,32,3,1,4,0.18554
64,54,54,32,3,1,3,9,32,1,2,8,0.03752
64,54,54,32,3,1,3,6,32,1,3,4,0.03046
64,54,54,32,3,1,1,9,32,3,3,32,0.094925
64,54,54,32,3,1,3,3,32,1,6,1,0.046595
64,54,54,32,3,1,1,9,32,6,3,1,0.06536
64,54,54,32,3,2,1,1,32,6,2,16,0.393075
64,54,54,32,3,2,2,6,32,9,1,8,0.0719
64,54,54,32,3,2,6,9,32,3,1,1,0.13427
64,54,54,32,3,2,2,6,32,9,1,32,0.14065499999999997
64,54,54,32,3,2,2,2,32,1,1,8,0.16635499999999998
64,54,54,32,3,1,3,6,32,6,1,8,0.049645
64,54,54,32,3,1,2,2,32,1,3,32,0.16437000000000002
64,54,54,32,3,2,2,9,32,3,1,16,0.06992
64,54,54,32,3,1,1,3,32,9,2,4,0.1136
64,54,54,32,3,2,1,18,32,3,1,32,0.07482
64,54,54,32,3,2,3,6,32,3,1,32,0.14139
64,54,54,32,3,2,3,3,32,6,2,16,0.109375
64,54,54,32,3,1,1,3,32,3,3,1,0.08443
64,54,54,32,3,1,9,9,32,1,2,8,0.07536
64,54,54,32,3,2,3,3,32,1,2,8,0.0729
64,54,54,32,3,2,2,6,32,9,3,8,0.065555
64,54,54,32,3,2,6,9,32,3,2,8,0.07984
64,54,54,32,3,2,3,3,32,3,3,2,0.062925
64,54,54,32,3,2,2,9,32,1,2,4,0.03808
64,54,54,32,3,1,1,18,32,9,1,16,0.05064
64,54,54,32,3,2,1,2,32,3,1,16,0.20402
64,54,54,32,3,2,2,2,32,9,3,1,0.116115
64,54,54,32,3,2,2,3,32,3,3,32,0.15192
64,54,54,32,3,1,1,18,32,3,1,4,0.03064
64,54,54,32,3,1,1,6,32,9,3,1,0.066385
64,54,54,32,3,1,1,3,32,1,9,4,0.07724500000000001
64,54,54,32,3,1,3,3,32,1,2,4,0.05787
64,54,54,32,3,1,3,9,32,2,1,8,0.04378
64,54,54,32,3,2,1,6,32,9,1,4,0.060735
64,54,54,32,3,2,1,1,32,9,2,4,0.2065
64,54,54,32,3,2,1,9,32,9,2,32,0.12624
64,54,54,32,3,2,1,1,32,6,2,32,0.674835
64,54,54,32,3,2,1,9,32,9,3,8,0.055425
64,54,54,32,3,1,3,6,32,6,3,16,0.060495
64,54,54,32,3,1,1,3,32,6,2,32,0.24417499999999998
64,54,54,32,3,1,1,2,32,2,3,2,0.07541
64,54,54,32,3,1,2,3,32,3,9,2,0.077555
64,54,54,32,3,1,3,3,32,2,1,4,0.063665
64,54,54,32,3,1,1,3,32,6,2,2,0.07885
64,54,54,32,3,2,3,6,32,6,3,8,0.06637
64,54,54,32,3,2,1,18,32,6,1,1,0.0719
64,54,54,32,3,1,2,3,32,1,3,16,0.09043
64,54,54,32,3,2,3,9,32,6,2,1,0.13184
64,54,54,32,3,2,1,3,32,3,6,16,0.18243
64,54,54,32,3,2,2,3,32,3,9,4,0.081615
64,54,54,32,3,2,3,3,32,2,9,2,0.05763
64,54,54,32,3,1,9,9,32,2,2,2,0.0512
64,54,54,32,3,2,3,3,32,6,1,32,0.22353499999999998
64,54,54,32,3,1,3,27,32,1,1,1,0.07464000000000001
64,54,54,32,3,2,1,1,32,1,3,2,0.107025
64,54,54,32,3,1,2,9,32,3,2,2,0.0335
64,54,54,32,3,1,1,9,32,6,2,1,0.05259
64,54,54,32,3,2,1,1,32,1,2,1,0.11335999999999999
64,54,54,32,3,1,2,18,32,9,1,1,0.08653
64,54,54,32,3,2,1,1,32,2,3,32,0.509485
64,54,54,32,3,2,1,1,32,1,3,32,0.501935
64,54,54,32,3,1,3,3,32,1,6,4,0.043885
64,54,54,32,3,1,1,2,32,1,9,2,0.08208
64,54,54,32,3,2,1,1,32,2,2,32,0.519405
64,54,54,32,3,1,2,6,32,9,1,32,0.13133
64,54,54,32,3,1,3,6,32,2,3,2,0.03178
64,54,54,32,3,2,1,9,32,6,1,16,0.06259
64,54,54,32,3,1,1,6,32,3,3,32,0.114035
64,54,54,32,3,1,1,3,32,1,1,8,0.15256
64,54,54,32,3,2,3,3,32,2,2,1,0.07614499999999999
64,54,54,32,3,1,1,6,32,6,1,8,0.063505
64,54,54,32,3,1,3,3,32,3,6,16,0.09242
64,54,54,32,3,1,1,3,32,2,1,2,0.082415
64,54,54,32,3,2,3,9,32,2,2,32,0.078735
64,54,54,32,3,2,1,6,32,6,1,8,0.06464
64,54,54,32,3,1,1,6,32,6,3,8,0.08157
64,54,54,32,3,2,3,6,32,2,1,8,0.055999999999999994
64,54,54,32,3,2,3,3,32,9,3,4,0.05597
64,54,54,32,3,2,3,9,32,3,3,1,0.119345
64,54,54,32,3,2,1,3,32,2,2,16,0.119535
64,54,54,32,3,1,2,2,32,1,3,8,0.077645
64,54,54,32,3,2,1,6,32,6,3,8,0.08416
64,54,54,32,3,2,2,3,32,9,1,8,0.10381
64,54,54,32,3,2,1,3,32,1,6,32,0.18499
64,54,54,32,3,2,2,6,32,3,3,8,0.0495
64,54,54,32,3,2,1,3,32,1,3,8,0.0796
64,54,54,32,3,1,3,3,32,3,2,4,0.058655
64,54,54,32,3,2,1,6,32,3,1,2,0.047185
64,54,54,32,3,2,1,27,32,9,1,1,0.125535
64,54,54,32,3,2,1,1,32,9,3,32,0.647745
64,54,54,32,3,1,1,9,32,3,3,4,0.045695
64,54,54,32,3,1,2,6,32,3,3,1,0.049104999999999996
64,54,54,32,3,2,6,6,32,3,3,1,0.161135
64,54,54,32,3,1,1,3,32,6,3,1,0.09382
64,54,54,32,3,2,3,6,32,1,1,2,0.060275
64,54,54,32,3,1,2,18,32,9,1,4,0.057075
64,54,54,32,3,1,9,9,32,2,1,2,0.066995
64,54,54,32,3,2,3,3,32,1,6,16,0.06618
64,54,54,32,3,1,6,9,32,3,1,2,0.0631
64,54,54,32,3,2,1,1,32,6,3,2,0.15322
64,54,54,32,3,2,2,3,32,1,6,1,0.069395
64,54,54,32,3,2,1,18,32,1,1,32,0.07345499999999999
64,54,54,32,3,2,1,18,32,6,1,2,0.04352
64,54,54,32,3,2,3,9,32,1,1,2,0.058925
64,54,54,32,3,2,1,1,32,2,2,1,0.10458999999999999
64,54,54,32,3,1,1,1,32,3,2,8,0.22554
64,54,54,32,3,2,1,3,32,6,1,16,0.14883
64,54,54,32,3,1,3,3,32,2,9,8,0.070515
64,54,54,32,3,2,2,6,32,9,3,4,0.050095
64,54,54,32,3,2,1,18,32,2,1,32,0.072755
64,54,54,32,3,2,3,9,32,3,1,1,0.09174
64,54,54,32,3,2,3,9,32,3,2,1,0.096
64,54,54,32,3,2,1,2,32,9,1,4,0.10408
64,54,54,32,3,1,1,3,32,3,2,4,0.0768
64,54,54,32,3,2,2,9,32,1,2,32,0.07353499999999999
64,54,54,32,3,1,3,9,32,3,2,2,0.04659
64,54,54,32,3,1,1,3,32,2,2,1,0.072685
64,54,54,32,3,1,3,9,32,2,2,4,0.03491
64,54,54,32,3,2,1,2,32,6,3,1,0.11671999999999999
64,54,54,32,3,2,1,6,32,3,3,16,0.0839
64,54,54,32,3,1,3,3,32,6,1,4,0.06925
64,54,54,32,3,1,6,9,32,1,2,2,0.042175
64,54,54,32,3,1,2,3,32,9,2,4,0.0896
64,54,54,32,3,1,3,27,32,3,1,32,0.14582
64,54,54,32,3,1,3,3,32,9,2,1,0.08154
64,54,54,32,3,1,2,3,32,9,1,8,0.101165
64,54,54,32,3,1,2,27,32,1,1,2,0.03389
64,54,54,32,3,2,3,3,32,3,9,2,0.075955
64,54,54,32,3,1,1,3,32,1,2,32,0.19224
64,54,54,32,3,2,2,27,32,1,1,32,0.077985
64,54,54,32,3,1,9,9,32,1,2,16,0.10417499999999999
64,54,54,32,3,2,1,3,32,3,6,4,0.09939
64,54,54,32,3,2,2,3,32,9,2,2,0.06387
64,54,54,32,3,1,1,9,32,2,3,32,0.08676500000000001
64,54,54,32,3,1,2,6,32,3,1,8,0.052845
64,54,54,32,3,2,3,9,32,3,2,32,0.095985
64,54,54,32,3,1,1,3,32,6,1,1,0.07842
64,54,54,32,3,1,2,3,32,3,2,16,0.111635
64,54,54,32,3,1,6,9,32,1,1,8,0.060915
64,54,54,32,3,2,1,1,32,6,3,32,0.83387
64,54,54,32,3,2,1,3,32,2,3,2,0.06104
64,54,54,32,3,1,9,9,32,1,2,2,0.0537
64,54,54,32,3,2,2,3,32,1,9,32,0.13512000000000002
64,54,54,32,3,1,1,27,32,9,1,8,0.04822
64,54,54,32,3,1,1,2,32,3,1,2,0.089425
64,54,54,32,3,1,3,6,32,6,1,4,0.041555
64,54,54,32,3,2,3,3,32,1,6,4,0.04634
64,54,54,32,3,2,2,2,32,9,1,4,0.10184
64,54,54,32,3,2,2,9,32,1,2,1,0.10074
64,54,54,32,3,2,3,3,32,3,3,8,0.06104
64,54,54,32,3,2,1,3,32,2,2,4,0.065965
64,54,54,32,3,1,3,18,32,3,1,4,0.047825
64,54,54,32,3,2,2,9,32,3,1,8,0.0569
64,54,54,32,3,2,1,3,32,1,2,1,0.06432
64,54,54,32,3,1,2,3,32,9,3,8,0.082095
64,54,54,32,3,1,3,6,32,3,1,8,0.04656
64,54,54,32,3,2,3,9,32,1,3,32,0.06525
64,54,54,32,3,1,9,9,32,1,1,8,0.07683
64,54,54,32,3,2,3,3,32,3,9,1,0.13325
64,54,54,32,3,1,1,1,32,9,3,1,0.176655
64,54,54,32,3,2,1,2,32,2,9,1,0.11654500000000001
64,54,54,32,3,2,1,2,32,6,3,8,0.1652
64,54,54,32,3,1,6,9,32,1,3,8,0.046895
64,54,54,32,3,1,1,1,32,2,6,4,0.18342
64,54,54,32,3,1,6,6,32,3,1,8,0.064625
64,54,54,32,3,1,1,27,32,6,1,16,0.04963
64,54,54,32,3,1,2,9,32,3,3,4,0.04138
64,54,54,32,3,1,1,3,32,1,1,4,0.119695
64,54,54,32,3,1,3,3,32,1,6,8,0.049485
64,54,54,32,3,1,1,6,32,6,1,32,0.12865500000000002
64,54,54,32,3,2,2,3,32,1,3,8,0.06627
64,54,54,32,3,2,3,3,32,6,2,2,0.06054
64,54,54,32,3,2,1,1,32,2,6,1,0.11315
64,54,54,32,3,2,1,6,32,6,3,2,0.04902
64,54,54,32,3,1,1,6,32,2,1,1,0.05414
64,54,54,32,3,1,3,3,32,9,3,4,0.065825
64,54,54,32,3,2,3,3,32,6,2,4,0.05811
64,54,54,32,3,2,1,2,32,3,1,4,0.093875
64,54,54,32,3,1,9,9,32,3,1,32,0.330545
64,54,54,32,3,1,2,2,32,1,1,2,0.082995
64,54,54,32,3,2,1,27,32,6,1,16,0.050125
64,54,54,32,3,2,2,2,32,3,9,8,0.10573
64,54,54,32,3,2,6,6,32,1,3,16,0.059375
64,54,54,32,3,2,1,6,32,9,3,16,0.10048
64,54,54,32,3,1,3,27,32,1,1,2,0.04518
64,54,54,32,3,1,3,9,32,9,1,2,0.04998
64,54,54,32,3,1,3,3,32,3,3,8,0.060435
64,54,54,32,3,1,3,3,32,3,1,1,0.06035
64,54,54,32,3,1,1,9,32,2,3,2,0.04448
64,54,54,32,3,1,1,6,32,2,3,32,0.10342
64,54,54,32,3,1,1,27,32,3,1,32,0.065345
64,54,54,32,3,1,1,2,32,1,3,4,0.08584
64,54,54,32,3,2,2,9,32,3,2,1,0.10288
64,54,54,32,3,2,3,3,32,2,1,2,0.060625
64,54,54,32,3,1,1,9,32,9,1,8,0.05581
64,54,54,32,3,1,1,6,32,6,1,16,0.088205
64,54,54,32,3,1,1,9,32,9,3,2,0.05064
64,54,54,32,3,1,1,9,32,2,2,4,0.04058
64,54,54,32,3,1,1,1,32,6,1,4,0.18902
64,54,54,32,3,1,3,9,32,1,1,1,0.050495
64,54,54,32,3,1,3,3,32,6,3,8,0.079535
64,54,54,32,3,2,1,2,32,1,1,4,0.13726500000000003
64,54,54,32,3,2,1,3,32,6,3,2,0.08134
64,54,54,32,3,2,1,1,32,9,1,1,0.12064
64,54,54,32,3,2,3,3,32,2,3,1,0.06714
64,54,54,32,3,2,1,3,32,1,1,16,0.20432
64,54,54,32,3,1,6,9,32,3,1,1,0.0756
64,54,54,32,3,1,1,9,32,9,2,4,0.063085
64,54,54,32,3,2,1,1,32,6,1,32,0.6570050000000001
64,54,54,32,3,2,1,3,32,1,2,32,0.18616
64,54,54,32,3,2,2,27,32,1,1,4,0.04013
64,54,54,32,3,2,2,9,32,1,2,16,0.047185000000000005
64,54,54,32,3,2,1,9,32,2,3,8,0.04058
64,54,54,32,3,1,3,9,32,2,3,2,0.041135
64,54,54,32,3,2,1,6,32,2,1,2,0.04861
64,54,54,32,3,1,1,2,32,3,1,8,0.14285
64,54,54,32,3,2,6,9,32,3,1,32,0.20214
64,54,54,32,3,1,1,9,32,9,2,2,0.06952
64,54,54,32,3,2,1,3,32,2,3,32,0.183855
64,54,54,32,3,1,1,2,32,9,3,4,0.11603
64,54,54,32,3,1,2,3,32,3,3,4,0.05907
64,54,54,32,3,1,2,6,32,1,3,8,0.0375
64,54,54,32,3,1,1,18,32,9,1,4,0.04093
64,54,54,32,3,1,1,3,32,3,9,32,0.23853
64,54,54,32,3,1,3,3,32,3,9,16,0.07581
64,54,54,32,3,1,2,18,32,1,1,2,0.036995
64,54,54,32,3,1,1,1,32,3,9,1,0.17579
64,54,54,32,3,1,1,2,32,1,1,4,0.15267
64,54,54,32,3,1,3,6,32,3,3,32,0.080625
64,54,54,32,3,1,3,6,32,9,1,1,0.06631999999999999
64,54,54,32,3,2,3,9,32,1,2,8,0.039795
64,54,54,32,3,2,2,27,32,1,1,2,0.05654
64,54,54,32,3,1,1,3,32,1,3,2,0.068435
64,54,54,32,3,2,1,27,32,1,1,2,0.039005
64,54,54,32,3,1,1,3,32,2,9,4,0.1112
64,54,54,32,3,1,3,3,32,9,1,8,0.092115
64,54,54,32,3,1,2,9,32,1,3,32,0.06685
64,54,54,32,3,2,3,9,32,6,1,32,0.126815
64,54,54,32,3,2,1,6,32,6,3,4,0.059969999999999996
64,54,54,32,3,2,2,9,32,3,2,32,0.0751
64,54,54,32,3,1,1,9,32,6,1,8,0.052465
64,54,54,32,3,2,2,6,32,9,3,32,0.107615
64,54,54,32,3,2,2,6,32,9,3,2,0.07921500000000001
64,54,54,32,3,2,1,3,32,2,1,1,0.067935
64,54,54,32,3,1,3,9,32,9,1,16,0.09885
64,54,54,32,3,1,1,2,32,2,1,2,0.089615
64,54,54,32,3,1,2,2,32,3,9,16,0.13137500000000002
64,54,54,32,3,2,1,9,32,3,1,2,0.04285
64,54,54,32,3,2,3,3,32,3,9,4,0.05094
64,54,54,32,3,1,3,3,32,6,2,16,0.09936
64,54,54,32,3,1,6,6,32,3,1,16,0.09722
64,54,54,32,3,1,1,1,32,9,2,1,0.18067
64,54,54,32,3,2,3,6,32,2,1,32,0.141135
64,54,54,32,3,1,2,18,32,1,1,1,0.04374
64,54,54,32,3,1,1,3,32,1,6,2,0.06699
64,54,54,32,3,2,1,3,32,2,6,16,0.142515
64,54,54,32,3,2,2,2,32,3,1,32,0.340205
64,54,54,32,3,2,2,9,32,9,2,8,0.05853
64,54,54,32,3,1,1,3,32,3,6,8,0.13978
64,54,54,32,3,1,3,3,32,9,3,16,0.088755
64,54,54,32,3,2,3,6,32,3,1,8,0.05926
64,54,54,32,3,1,2,27,32,3,1,32,0.09088
64,54,54,32,3,2,1,2,32,2,3,8,0.105615
64,54,54,32,3,2,3,6,32,1,1,16,0.09853
64,54,54,32,3,2,1,1,32,1,6,32,0.50032
64,54,54,32,3,2,2,2,32,1,3,2,0.069165
64,54,54,32,3,1,2,3,32,1,1,1,0.05931
64,54,54,32,3,2,3,9,32,1,1,4,0.046369999999999995
64,54,54,32,3,2,1,3,32,3,3,16,0.13104
64,54,54,32,3,2,1,3,32,3,3,1,0.06765
64,54,54,32,3,2,1,2,32,1,1,1,0.11432
64,54,54,32,3,1,2,2,32,3,9,8,0.091155
64,54,54,32,3,1,1,9,32,1,2,8,0.04701
64,54,54,32,3,1,1,3,32,1,2,8,0.09434
64,54,54,32,3,2,3,3,32,6,3,1,0.10563
64,54,54,32,3,2,1,6,32,3,1,16,0.094385
64,54,54,32,3,2,6,9,32,3,2,32,0.132845
64,54,54,32,3,2,3,3,32,1,1,4,0.084225
64,54,54,32,3,1,2,9,32,9,2,32,0.089775
64,54,54,32,3,1,1,3,32,2,1,32,0.234755
64,54,54,32,3,2,1,9,32,2,3,4,0.03766
64,54,54,32,3,2,1,27,32,9,1,2,0.07002
64,54,54,32,3,2,1,1,32,2,9,4,0.19771499999999997
64,54,54,32,3,2,1,1,32,2,2,16,0.30198
64,54,54,32,3,2,3,3,32,9,2,1,0.118675
64,54,54,32,3,1,1,2,32,2,9,4,0.13379
64,54,54,32,3,1,1,27,32,6,1,1,0.06128
64,54,54,32,3,2,1,1,32,1,1,16,0.5533600000000001
64,54,54,32,3,2,1,9,32,9,3,1,0.117485
64,54,54,32,3,2,2,2,32,9,1,2,0.090065
64,54,54,32,3,1,6,6,32,1,3,32,0.07787
64,54,54,32,3,1,3,6,32,6,3,8,0.05075
64,54,54,32,3,1,3,6,32,3,1,16,0.07008
64,54,54,32,3,2,1,9,32,6,2,16,0.065295
64,54,54,32,3,2,1,27,32,6,1,8,0.044844999999999996
64,54,54,32,3,1,2,3,32,3,1,4,0.07498
64,54,54,32,3,1,1,1,32,3,9,2,0.175885
64,54,54,32,3,2,3,3,32,2,2,32,0.148385
64,54,54,32,3,1,3,9,32,1,2,32,0.07944
64,54,54,32,3,2,1,1,32,3,6,32,0.7993
64,54,54,32,3,1,6,6,32,3,3,2,0.05082
64,54,54,32,3,1,2,18,32,3,1,4,0.03393500000000001
64,54,54,32,3,2,3,9,32,2,3,4,0.04445
64,54,54,32,3,1,3,3,32,1,1,16,0.15816
64,54,54,32,3,1,1,3,32,2,2,32,0.18938
64,54,54,32,3,1,2,3,32,1,2,1,0.06106
64,54,54,32,3,2,2,9,32,9,1,8,0.06218
64,54,54,32,3,1,9,9,32,2,1,32,0.261165
64,54,54,32,3,2,1,3,32,2,2,2,0.06506
64,54,54,32,3,2,1,3,32,1,1,4,0.10039999999999999
64,54,54,32,3,1,2,3,32,3,2,8,0.0784
64,54,54,32,3,1,3,18,32,2,1,1,0.05446
64,54,54,32,3,1,1,6,32,1,1,1,0.05339
64,54,54,32,3,1,2,3,32,3,1,8,0.097585
64,54,54,32,3,1,1,1,32,3,6,4,0.24752000000000002
64,54,54,32,3,2,2,3,32,1,2,4,0.062655
64,54,54,32,3,2,1,3,32,2,9,8,0.123725
64,54,54,32,3,1,3,3,32,9,1,1,0.085935
64,54,54,32,3,1,3,3,32,2,1,16,0.11168
64,54,54,32,3,2,1,9,32,1,3,8,0.040305
64,54,54,32,3,1,2,2,32,3,1,8,0.11107
64,54,54,32,3,2,3,6,32,3,1,4,0.052879999999999996
64,54,54,32,3,1,1,1,32,2,3,1,0.1292
64,54,54,32,3,2,1,9,32,2,1,4,0.04029
64,54,54,32,3,1,3,6,32,6,1,1,0.055375
64,54,54,32,3,1,2,2,32,1,1,16,0.24342
64,54,54,32,3,2,3,9,32,3,2,2,0.057295
64,54,54,32,3,2,3,6,32,1,1,32,0.16136
64,54,54,32,3,1,1,3,32,9,2,1,0.09478500000000001
64,54,54,32,3,2,1,9,32,9,1,32,0.106335
64,54,54,32,3,1,6,6,32,3,1,1,0.0676
64,54,54,32,3,2,1,3,32,1,6,4,0.06352
64,54,54,32,3,1,2,6,32,9,1,16,0.08138
64,54,54,32,3,1,1,9,32,1,1,32,0.140625
64,54,54,32,3,2,3,3,32,1,6,8,0.052495
64,54,54,32,3,2,3,6,32,6,3,32,0.1025
64,54,54,32,3,2,3,9,32,2,1,32,0.10781
64,54,54,32,3,2,1,6,32,1,3,4,0.04256
64,54,54,32,3,2,1,9,32,9,2,2,0.05254
64,54,54,32,3,1,1,9,32,3,3,16,0.0624
64,54,54,32,3,2,1,2,32,3,3,2,0.073295
64,54,54,32,3,1,2,3,32,1,2,32,0.131235
64,54,54,32,3,2,3,3,32,2,3,2,0.049055
64,54,54,32,3,1,1,9,32,2,2,8,0.04566
64,54,54,32,3,1,1,3,32,1,9,16,0.14032
64,54,54,32,3,2,2,3,32,3,2,32,0.16157
64,54,54,32,3,1,2,6,32,9,3,4,0.054385
64,54,54,32,3,2,6,6,32,1,3,1,0.08531
64,54,54,32,3,2,3,6,32,3,3,1,0.10200000000000001
64,54,54,32,3,2,1,9,32,9,3,4,0.044115
64,54,54,32,3,1,3,3,32,1,6,32,0.09536
64,54,54,32,3,1,1,9,32,9,2,1,0.06542
64,54,54,32,3,1,1,18,32,1,1,1,0.04352
64,54,54,32,3,2,1,3,32,2,2,1,0.06403
64,54,54,32,3,2,3,6,32,3,1,16,0.0816
64,54,54,32,3,2,6,9,32,1,1,32,0.164095
64,54,54,32,3,2,1,1,32,9,2,16,0.508445
64,54,54,32,3,1,2,9,32,1,1,16,0.06589
64,54,54,32,3,2,2,2,32,9,1,16,0.21307500000000001
64,54,54,32,3,1,3,6,32,1,3,32,0.068625
64,54,54,32,3,1,2,2,32,9,3,1,0.06246
64,54,54,32,3,1,1,2,32,1,3,8,0.11427
64,54,54,32,3,2,1,3,32,2,9,2,0.08104
64,54,54,32,3,2,3,3,32,1,9,2,0.05824
64,54,54,32,3,2,2,3,32,3,6,32,0.19348500000000002
64,54,54,32,3,2,1,9,32,6,2,1,0.06579
64,54,54,32,3,1,1,6,32,6,3,2,0.05656
64,54,54,32,3,2,2,2,32,9,3,32,0.22752
64,54,54,32,3,2,1,3,32,1,3,16,0.116525
64,54,54,32,3,2,2,6,32,3,1,4,0.04739
64,54,54,32,3,2,1,2,32,6,1,16,0.2065
64,54,54,32,3,1,2,2,32,3,3,1,0.060594999999999996
64,54,54,32,3,1,3,18,32,3,1,1,0.060755
64,54,54,32,3,1,1,2,32,9,3,32,0.35104
64,54,54,32,3,2,2,2,32,1,9,8,0.090355
64,54,54,32,3,2,1,2,32,3,1,32,0.32773
64,54,54,32,3,1,1,27,32,2,1,32,0.066415
64,54,54,32,3,2,1,3,32,3,1,2,0.06920000000000001
64,54,54,32,3,1,1,2,32,3,3,8,0.12816
64,54,54,32,3,2,1,1,32,9,3,4,0.17687999999999998
64,54,54,32,3,1,9,9,32,2,2,1,0.081805
64,54,54,32,3,2,2,6,32,1,3,32,0.08659
64,54,54,32,3,2,2,3,32,1,6,32,0.12634
64,54,54,32,3,2,1,6,32,3,1,32,0.155775
64,54,54,32,3,2,3,3,32,1,9,8,0.053184999999999996
64,54,54,32,3,1,1,3,32,2,2,16,0.13098
64,54,54,32,3,2,1,1,32,1,6,2,0.10566500000000001
64,54,54,32,3,1,1,1,32,1,9,4,0.16394999999999998
64,54,54,32,3,2,1,3,32,3,9,2,0.100545
64,54,54,32,3,1,1,1,32,3,6,16,0.54744
64,54,54,32,3,1,1,9,32,6,2,8,0.05469
64,54,54,32,3,2,3,3,32,2,2,16,0.09565
64,54,54,32,3,2,1,9,32,6,2,2,0.04186
64,54,54,32,3,2,1,3,32,9,2,4,0.10237
64,54,54,32,3,2,1,1,32,9,3,16,0.387375
64,54,54,32,3,1,3,3,32,2,9,4,0.062865
64,54,54,32,3,2,1,3,32,2,1,8,0.095155
64,54,54,32,3,2,1,2,32,9,1,1,0.082385
64,54,54,32,3,2,2,3,32,3,3,16,0.095155
64,54,54,32,3,1,2,27,32,1,1,8,0.03693
64,54,54,32,3,1,1,1,32,3,6,2,0.19971
64,54,54,32,3,1,1,9,32,1,1,2,0.05325
64,54,54,32,3,1,1,9,32,2,2,2,0.04112
64,54,54,32,3,1,1,1,32,3,3,2,0.14515499999999998
64,54,54,32,3,2,1,27,32,1,1,8,0.033715
64,54,54,32,3,2,3,3,32,3,2,8,0.072625
64,54,54,32,3,1,2,18,32,1,1,32,0.07628499999999999
64,54,54,32,3,2,1,2,32,9,3,1,0.081905
64,54,54,32,3,2,1,1,32,1,6,8,0.17988500000000002
64,54,54,32,3,2,3,6,32,6,1,4,0.05544
64,54,54,32,3,1,2,18,32,9,1,2,0.04979
64,54,54,32,3,1,6,6,32,3,1,4,0.04883
64,54,54,32,3,1,1,3,32,9,1,4,0.09379
64,54,54,32,3,1,1,1,32,2,3,16,0.3361
64,54,54,32,3,2,2,3,32,3,6,1,0.089235
64,54,54,32,3,1,1,9,32,3,1,2,0.046064999999999995
64,54,54,32,3,1,1,6,32,9,1,16,0.094545
64,54,54,32,3,1,1,3,32,1,2,16,0.133905
64,54,54,32,3,2,2,3,32,1,1,2,0.061935000000000004
64,54,54,32,3,1,1,3,32,6,1,32,0.2423
64,54,54,32,3,1,6,9,32,1,1,4,0.04387
64,54,54,32,3,1,1,6,32,1,3,4,0.044815
64,54,54,32,3,2,1,1,32,6,1,1,0.122735
64,54,54,32,3,1,3,27,32,2,1,4,0.05069
64,54,54,32,3,1,2,3,32,1,1,8,0.119025
64,54,54,32,3,1,1,2,32,6,1,8,0.145295
64,54,54,32,3,1,1,6,32,3,1,1,0.051375000000000004
64,54,54,32,3,2,1,1,32,1,9,1,0.099905
64,54,54,32,3,2,1,2,32,1,9,32,0.26593500000000003
64,54,54,32,3,2,1,6,32,2,1,8,0.06464
64,54,54,32,3,1,1,2,32,3,9,2,0.105005
64,54,54,32,3,1,3,3,32,3,6,32,0.1476
64,54,54,32,3,1,1,3,32,3,9,2,0.100145
64,54,54,32,3,1,1,3,32,2,1,8,0.10771
64,54,54,32,3,1,1,9,32,2,1,2,0.045505000000000004
64,54,54,32,3,2,3,18,32,1,1,1,0.09978
64,54,54,32,3,2,3,3,32,6,3,8,0.07917
64,54,54,32,3,2,1,1,32,2,3,16,0.300755
64,54,54,32,3,1,3,6,32,2,1,1,0.04464
64,54,54,32,3,1,1,27,32,9,1,2,0.0479
64,54,54,32,3,2,6,6,32,3,1,16,0.11241499999999999
64,54,54,32,3,2,2,6,32,9,1,2,0.058925
64,54,54,32,3,1,3,9,32,1,2,4,0.03373
64,54,54,32,3,2,2,9,32,1,1,32,0.109295
64,54,54,32,3,1,2,3,32,3,6,4,0.0743
64,54,54,32,3,2,2,3,32,3,6,4,0.06778
64,54,54,32,3,1,1,9,32,1,3,1,0.04691
64,54,54,32,3,2,1,1,32,2,9,8,0.2927
64,54,54,32,3,2,1,1,32,9,2,32,0.86451
64,54,54,32,3,1,3,3,32,2,3,1,0.053779999999999994
64,54,54,32,3,1,1,1,32,1,6,1,0.12675
64,54,54,32,3,1,1,3,32,6,2,4,0.088045
64,54,54,32,3,2,3,6,32,9,1,4,0.071405
64,54,54,32,3,1,1,27,32,2,1,2,0.03677
64,54,54,32,3,1,3,9,32,6,1,16,0.07888
64,54,54,32,3,2,3,3,32,2,6,4,0.0456
64,54,54,32,3,2,2,3,32,9,2,8,0.100465
64,54,54,32,3,2,2,9,32,9,2,1,0.141875
64,54,54,32,3,1,1,1,32,9,1,1,0.1664
64,54,54,32,3,1,1,6,32,2,1,16,0.085825
64,54,54,32,3,1,1,9,32,1,3,8,0.044275
64,54,54,32,3,2,1,9,32,1,1,16,0.076445
64,54,54,32,3,2,1,9,32,2,1,8,0.046675
64,54,54,32,3,2,1,1,32,2,3,4,0.1288
64,54,54,32,3,2,1,6,32,9,1,16,0.09955
64,54,54,32,3,1,3,9,32,1,2,1,0.049135
64,54,54,32,3,2,3,6,32,6,3,4,0.05213
64,54,54,32,3,1,1,1,32,1,2,16,0.3392
64,54,54,32,3,1,1,3,32,1,1,32,0.354225
64,54,54,32,3,1,1,1,32,2,9,8,0.346145
64,54,54,32,3,1,2,18,32,9,1,16,0.069135
64,54,54,32,3,1,3,9,32,1,1,32,0.10808000000000001
64,54,54,32,3,1,2,3,32,3,2,2,0.059340000000000004
64,54,54,32,3,1,2,2,32,1,1,32,0.39697499999999997
64,54,54,32,3,2,6,6,32,1,1,8,0.06903999999999999
64,54,54,32,3,2,2,3,32,3,2,1,0.078125
64,54,54,32,3,2,3,3,32,2,6,8,0.05656
64,54,54,32,3,1,1,3,32,2,1,4,0.088225
64,54,54,32,3,1,1,18,32,2,1,4,0.02997
64,54,54,32,3,1,2,3,32,1,1,2,0.067825
64,54,54,32,3,1,2,2,32,3,3,8,0.083665
64,54,54,32,3,1,3,9,32,6,1,1,0.063215
64,54,54,32,3,1,1,9,32,1,2,1,0.04906
64,54,54,32,3,1,1,2,32,2,3,32,0.28328
64,54,54,32,3,2,1,3,32,3,2,1,0.06874
64,54,54,32,3,2,2,6,32,1,1,32,0.17125
64,54,54,32,3,2,3,9,32,9,1,1,0.13187
64,54,54,32,3,2,1,6,32,9,3,2,0.059885
64,54,54,32,3,1,6,6,32,3,3,16,0.071825
64,54,54,32,3,1,1,3,32,1,3,4,0.07194
64,54,54,32,3,1,1,9,32,2,3,4,0.04099
64,54,54,32,3,1,1,3,32,6,2,1,0.087535
64,54,54,32,3,1,1,1,32,2,1,4,0.18426
64,54,54,32,3,2,1,1,32,9,3,1,0.13424
64,54,54,32,3,1,1,6,32,9,1,8,0.066765
64,54,54,32,3,1,2,6,32,1,3,1,0.04566
64,54,54,32,3,1,1,2,32,2,9,2,0.107695
64,54,54,32,3,2,3,3,32,9,2,8,0.099055
64,54,54,32,3,1,3,18,32,6,1,16,0.07984
64,54,54,32,3,1,3,3,32,3,6,1,0.06403
64,54,54,32,3,1,3,3,32,3,6,8,0.072015
64,54,54,32,3,1,3,3,32,2,6,8,0.056095
64,54,54,32,3,2,1,2,32,2,1,1,0.078415
64,54,54,32,3,1,2,2,32,1,3,16,0.11241499999999999
64,54,54,32,3,2,1,6,32,9,1,32,0.16701
64,54,54,32,3,1,6,9,32,1,2,1,0.05549
64,54,54,32,3,1,1,9,32,2,1,32,0.102385
64,54,54,32,3,2,1,1,32,6,2,2,0.13155
64,54,54,32,3,1,3,18,32,3,1,16,0.07178
64,54,54,32,3,1,3,6,32,2,1,8,0.045715
64,54,54,32,3,1,2,6,32,1,3,4,0.032945
64,54,54,32,3,2,1,3,32,1,9,2,0.070305
64,54,54,32,3,1,3,6,32,1,3,1,0.04214
64,54,54,32,3,2,1,9,32,1,3,1,0.04832
64,54,54,32,3,1,3,3,32,3,1,4,0.06701
64,54,54,32,3,1,1,27,32,2,1,4,0.03432
64,54,54,32,3,1,1,1,32,9,1,16,0.453235
64,54,54,32,3,1,1,1,32,2,6,2,0.15427
64,54,54,32,3,1,2,9,32,3,1,32,0.092445
64,54,54,32,3,2,1,18,32,2,1,16,0.046095
64,54,54,32,3,1,2,3,32,3,9,4,0.070385
64,54,54,32,3,1,1,1,32,9,2,2,0.20616
64,54,54,32,3,1,2,9,32,9,2,16,0.0641
64,54,54,32,3,1,6,9,32,1,1,2,0.04749
64,54,54,32,3,1,6,6,32,1,3,2,0.039055
64,54,54,32,3,1,2,3,32,1,2,4,0.06608
64,54,54,32,3,1,1,9,32,6,1,32,0.10222
64,54,54,32,3,1,1,3,32,3,1,8,0.10867
64,54,54,32,3,1,2,2,32,3,1,16,0.17606
64,54,54,32,3,2,2,3,32,3,3,2,0.05789
64,54,54,32,3,1,2,6,32,1,1,16,0.098575
64,54,54,32,3,2,2,9,32,1,2,8,0.03952
64,54,54,32,3,2,6,6,32,1,1,4,0.07174
64,54,54,32,3,1,1,1,32,6,2,2,0.160995
64,54,54,32,3,2,3,6,32,6,1,16,0.086095
64,54,54,32,3,2,1,3,32,9,3,8,0.11066
64,54,54,32,3,2,3,18,32,6,1,2,0.08742
64,54,54,32,3,1,2,2,32,9,1,2,0.07528
64,54,54,32,3,2,3,3,32,1,3,1,0.06323
64,54,54,32,3,1,1,3,32,3,1,1,0.08058
64,54,54,32,3,1,1,2,32,3,9,1,0.095155
64,54,54,32,3,1,2,6,32,1,1,1,0.045265
64,54,54,32,3,2,6,9,32,1,3,16,0.06563
64,54,54,32,3,2,1,2,32,1,3,16,0.16253
64,54,54,32,3,2,1,9,32,1,2,1,0.05328
64,54,54,32,3,2,2,3,32,3,2,2,0.06237
64,54,54,32,3,1,1,2,32,3,1,4,0.10486
64,54,54,32,3,2,1,1,32,3,9,2,0.15171
64,54,54,32,3,2,3,18,32,3,1,1,0.09678500000000001
64,54,54,32,3,1,2,3,32,3,9,16,0.10179
64,54,54,32,3,2,1,18,32,1,1,8,0.037135
64,54,54,32,3,2,1,9,32,2,1,2,0.04224
64,54,54,32,3,2,2,18,32,3,1,16,0.05098
64,54,54,32,3,2,1,3,32,3,1,16,0.14666
64,54,54,32,3,1,1,2,32,1,1,32,0.54045
64,54,54,32,3,1,6,6,32,9,1,4,0.0856
64,54,54,32,3,2,1,18,32,6,1,4,0.03366
64,54,54,32,3,2,3,6,32,6,1,8,0.06282
64,54,54,32,3,2,1,9,32,9,2,4,0.0625
64,54,54,32,3,2,2,3,32,9,2,32,0.21448
64,54,54,32,3,1,3,3,32,1,6,2,0.044945
64,54,54,32,3,1,2,2,32,1,1,1,0.087055
64,54,54,32,3,2,1,18,32,9,1,16,0.07702
64,54,54,32,3,1,1,2,32,2,3,1,0.074765
64,54,54,32,3,2,3,3,32,6,1,16,0.1303
64,54,54,32,3,2,6,9,32,1,3,32,0.093775
64,54,54,32,3,1,1,3,32,3,9,8,0.11866
64,54,54,32,3,1,2,9,32,1,1,2,0.03611
64,54,54,32,3,2,3,18,32,6,1,1,0.1489
64,54,54,32,3,2,1,1,32,9,1,2,0.13827
64,54,54,32,3,1,1,18,32,2,1,1,0.043635
64,54,54,32,3,2,1,3,32,3,9,32,0.222675
64,54,54,32,3,2,3,3,32,3,6,8,0.07319999999999999
64,54,54,32,3,2,1,9,32,1,3,2,0.038445
64,54,54,32,3,1,1,3,32,2,9,2,0.10408
64,54,54,32,3,2,1,9,32,2,1,32,0.102835
64,54,54,32,3,1,1,3,32,9,3,1,0.12035
64,54,54,32,3,1,1,9,32,2,1,8,0.05328
64,54,54,32,3,2,2,18,32,9,1,8,0.068815
64,54,54,32,3,1,1,3,32,2,1,16,0.15875
64,54,54,32,3,1,1,3,32,9,3,8,0.12113499999999999
64,54,54,32,3,1,2,18,32,1,1,8,0.03352
64,54,54,32,3,2,1,2,32,3,1,2,0.081265
64,54,54,32,3,1,3,6,32,3,1,2,0.039535
64,54,54,32,3,1,2,9,32,1,1,4,0.037485000000000004
64,54,54,32,3,2,2,2,32,1,1,1,0.08749
64,54,54,32,3,1,2,9,32,1,1,1,0.04336
64,54,54,32,3,2,1,6,32,3,3,1,0.057325
64,54,54,32,3,1,1,6,32,2,3,1,0.04824
64,54,54,32,3,1,3,9,32,1,3,16,0.04186
64,54,54,32,3,1,1,2,32,1,3,16,0.174415
64,54,54,32,3,1,1,2,32,2,3,8,0.11606
64,54,54,32,3,2,1,9,32,3,2,16,0.0551
64,54,54,32,3,2,3,3,32,2,2,4,0.053425
64,54,54,32,3,1,2,6,32,1,3,16,0.049745
64,54,54,32,3,1,1,1,32,6,3,1,0.17627
64,54,54,32,3,2,1,3,32,1,1,2,0.078735
64,54,54,32,3,2,2,2,32,3,9,1,0.11248
64,54,54,32,3,2,3,18,32,2,1,2,0.05891
64,54,54,32,3,1,3,9,32,1,3,4,0.031725
64,54,54,32,3,1,9,9,32,2,1,8,0.10694500000000001
64,54,54,32,3,1,1,1,32,1,6,16,0.328915
64,54,54,32,3,2,1,2,32,1,3,4,0.079935
64,54,54,32,3,2,1,3,32,3,2,4,0.06715499999999999
64,54,54,32,3,1,1,2,32,3,3,1,0.07546
64,54,54,32,3,2,2,27,32,3,1,16,0.06454
64,54,54,32,3,1,3,6,32,2,3,4,0.031475
64,54,54,32,3,2,1,1,32,3,3,16,0.335745
64,54,54,32,3,2,2,2,32,1,3,1,0.08269
64,54,54,32,3,1,3,3,32,6,2,2,0.056655
64,54,54,32,3,1,1,9,32,3,1,16,0.06451
64,54,54,32,3,2,3,9,32,1,2,4,0.04022
64,54,54,32,3,2,1,2,32,1,9,8,0.11382
64,54,54,32,3,1,3,6,32,3,3,4,0.04163
64,54,54,32,3,2,2,2,32,3,9,4,0.083615
64,54,54,32,3,1,3,9,32,3,2,8,0.04886
64,54,54,32,3,2,1,9,32,6,1,2,0.041665
64,54,54,32,3,2,2,27,32,3,1,2,0.060365
64,54,54,32,3,1,9,9,32,2,2,32,0.163885
64,54,54,32,3,2,3,3,32,3,6,2,0.058429999999999996
64,54,54,32,3,2,3,18,32,3,1,4,0.05656
64,54,54,32,3,2,1,3,32,1,6,2,0.059985
64,54,54,32,3,1,1,2,32,6,3,8,0.1879
64,54,54,32,3,1,1,9,32,2,2,16,0.05459
64,54,54,32,3,2,1,1,32,1,3,4,0.12792
64,54,54,32,3,2,2,6,32,3,3,32,0.091745
64,54,54,32,3,2,1,3,32,6,1,8,0.098925
64,54,54,32,3,2,2,9,32,3,2,4,0.03757
64,54,54,32,3,1,2,9,32,9,2,2,0.05155
64,54,54,32,3,1,1,3,32,6,1,16,0.1652
64,54,54,32,3,2,3,3,32,1,3,2,0.050975
64,54,54,32,3,1,1,1,32,3,2,2,0.13715
64,54,54,32,3,1,2,27,32,3,1,1,0.05936
64,54,54,32,3,2,3,3,32,9,3,32,0.131855
64,54,54,32,3,2,1,18,32,2,1,4,0.03306
64,54,54,32,3,2,2,6,32,9,3,1,0.13757
64,54,54,32,3,1,1,3,32,9,3,16,0.17501
64,54,54,32,3,2,3,18,32,1,1,4,0.043775
64,54,54,32,3,1,2,6,32,1,1,2,0.03776
64,54,54,32,3,2,1,6,32,6,3,32,0.193645
64,54,54,32,3,2,1,18,32,9,1,4,0.06176
64,54,54,32,3,2,3,3,32,3,9,16,0.072815
64,54,54,32,3,2,1,1,32,6,1,8,0.23069
64,54,54,32,3,2,3,9,32,3,3,2,0.06704
64,54,54,32,3,2,3,3,32,2,3,8,0.058305
64,54,54,32,3,1,2,3,32,3,9,8,0.07802
64,54,54,32,3,2,1,27,32,1,1,4,0.03296
64,54,54,32,3,1,1,2,32,1,9,1,0.07344
64,54,54,32,3,1,3,6,32,6,3,1,0.081965
64,54,54,32,3,1,1,1,32,3,2,1,0.132495
64,54,54,32,3,2,3,3,32,6,3,2,0.064
64,54,54,32,3,2,1,1,32,3,3,1,0.10491
64,54,54,32,3,1,6,6,32,9,1,1,0.107885
64,54,54,32,3,2,3,3,32,1,6,32,0.101215
64,54,54,32,3,2,6,9,32,1,3,4,0.053185
64,54,54,32,3,1,6,9,32,3,2,1,0.08859500000000001
64,54,54,32,3,1,3,3,32,9,1,4,0.07477
64,54,54,32,3,1,6,9,32,1,3,16,0.06083
64,54,54,32,3,2,1,1,32,9,1,8,0.24966
64,54,54,32,3,2,1,2,32,9,1,2,0.084595
64,54,54,32,3,2,1,1,32,3,1,1,0.11977499999999999
64,54,54,32,3,2,3,3,32,9,3,1,0.1464
64,54,54,32,3,1,1,1,32,2,1,32,0.70419
64,54,54,32,3,2,1,6,32,3,3,2,0.046579999999999996
64,54,54,32,3,2,1,3,32,3,1,32,0.23286
64,54,54,32,3,2,3,3,32,6,3,16,0.1023
64,54,54,32,3,2,1,1,32,2,9,16,0.47789
64,54,54,32,3,1,1,1,32,9,2,4,0.25843
64,54,54,32,3,2,6,6,32,3,1,4,0.072865
64,54,54,32,3,1,3,9,32,1,3,8,0.03229
64,54,54,32,3,2,3,3,32,1,6,1,0.06056
64,54,54,32,3,1,2,2,32,3,1,1,0.06829
64,54,54,32,3,1,1,6,32,6,3,32,0.16342
64,54,54,32,3,1,9,9,32,1,1,1,0.10253
64,54,54,32,3,1,1,9,32,9,2,16,0.089235
64,54,54,32,3,1,1,1,32,2,1,8,0.246895
64,54,54,32,3,2,1,6,32,9,3,4,0.072
64,54,54,32,3,2,3,3,32,6,3,4,0.075695
64,54,54,32,3,1,3,6,32,1,3,2,0.03363
64,54,54,32,3,2,1,27,32,3,1,4,0.04048
64,54,54,32,3,1,1,27,32,3,1,4,0.03544
64,54,54,32,3,1,3,3,32,2,6,32,0.111315
64,54,54,32,3,2,1,1,32,1,2,8,0.187615
64,54,54,32,3,1,2,3,32,1,9,32,0.11802
64,54,54,32,3,2,3,3,32,6,2,8,0.07744
64,54,54,32,3,2,1,6,32,2,3,2,0.04568
64,54,54,32,3,2,1,27,32,2,1,4,0.03381
64,54,54,32,3,1,2,6,32,3,3,8,0.042095
64,54,54,32,3,1,2,3,32,1,3,2,0.054735000000000006
64,54,54,32,3,1,2,27,32,3,1,2,0.05107
64,54,54,32,3,1,3,9,32,2,1,1,0.048435000000000006
64,54,54,32,3,1,3,6,32,1,1,4,0.046995
64,54,54,32,3,1,3,3,32,6,1,16,0.11802
64,54,54,32,3,1,2,2,32,9,3,4,0.080385
64,54,54,32,3,2,2,6,32,9,1,16,0.092655
64,54,54,32,3,2,6,9,32,1,2,2,0.06509
64,54,54,32,3,2,1,2,32,9,3,2,0.09126
64,54,54,32,3,2,3,6,32,2,1,4,0.050545
64,54,54,32,3,1,3,9,32,6,2,4,0.054355
64,54,54,32,3,2,2,2,32,3,9,16,0.13805
64,54,54,32,3,1,3,9,32,6,2,1,0.07965
64,54,54,32,3,1,1,9,32,6,3,2,0.06867
64,54,54,32,3,1,1,27,32,6,1,2,0.04698
64,54,54,32,3,1,3,3,32,6,3,16,0.102095
64,54,54,32,3,1,1,18,32,2,1,16,0.040865
64,54,54,32,3,2,1,3,32,9,3,4,0.09606
64,54,54,32,3,1,2,3,32,9,3,1,0.07736000000000001
64,54,54,32,3,2,1,1,32,6,3,4,0.202415
64,54,54,32,3,1,1,6,32,6,1,2,0.048755
64,54,54,32,3,2,3,3,32,2,2,2,0.058865
64,54,54,32,3,1,3,9,32,3,2,32,0.098545
64,54,54,32,3,1,3,3,32,3,9,32,0.11815999999999999
64,54,54,32,3,2,1,1,32,1,2,16,0.30298
64,54,54,32,3,2,1,6,32,3,3,8,0.06056
64,54,54,32,3,1,3,3,32,2,9,16,0.09024
64,54,54,32,3,2,3,3,32,2,3,4,0.04992
